"","AQI","Air.Quality.Index..AQI.","X","city","year","mon","day","mean","max","min","date"
"1",1,"Moderate",10,"Beijing",2014,1,1,58.4,144,23,"2014-01-01"
"2",2,"Unhealthy",11,"Chengdu",2014,1,1,170.7,210,153,"2014-01-01"
"3",3,"Moderate",12,"Guangzhou",2014,1,1,86.5,138,56,"2014-01-01"
"4",4,"Unhealthy for Sensitive Groups",13,"Shanghai",2014,1,1,126.7,173,71,"2014-01-01"
"5",5,"Good",14,"Shenyang",2014,1,1,34.6,104,14,"2014-01-01"
"6",6,"Unhealthy",23,"Beijing",2014,2,1,155.1,190,109,"2014-02-01"
"7",7,"Unhealthy for Sensitive Groups",24,"Chengdu",2014,2,1,142.3,178,110,"2014-02-01"
"8",8,"Good",25,"Guangzhou",2014,2,1,49.7,84,20,"2014-02-01"
"9",9,"Moderate",26,"Shanghai",2014,2,1,61.7,120,33,"2014-02-01"
"10",10,"Unhealthy for Sensitive Groups",27,"Shenyang",2014,2,1,114.1,169,74,"2014-02-01"
"11",11,"Moderate",36,"Beijing",2014,3,1,83.1,210,10,"2014-03-01"
"12",12,"Good",37,"Chengdu",2014,3,1,42.7,60,31,"2014-03-01"
"13",13,"Moderate",38,"Guangzhou",2014,3,1,50.3,140,33,"2014-03-01"
"14",14,"Good",39,"Shanghai",2014,3,1,29.9,43,15,"2014-03-01"
"15",15,"Moderate",40,"Shenyang",2014,3,1,53.8,101,13,"2014-03-01"
"16",16,"Unhealthy for Sensitive Groups",50,"Beijing",2014,4,1,130.3,220,48,"2014-04-01"
"17",17,"Good",51,"Chengdu",2014,4,1,36.1,56,24,"2014-04-01"
"18",18,"Good",52,"Guangzhou",2014,4,1,47.4,79,13,"2014-04-01"
"19",19,"Good",53,"Shanghai",2014,4,1,46.9,66,29,"2014-04-01"
"20",20,"Unhealthy for Sensitive Groups",54,"Shenyang",2014,4,1,103.4,132,80,"2014-04-01"
"21",21,"Unhealthy for Sensitive Groups",67,"Beijing",2014,5,1,121.6,202,47,"2014-05-01"
"22",22,"Moderate",68,"Chengdu",2014,5,1,80.1,164,42,"2014-05-01"
"23",23,"Good",69,"Guangzhou",2014,5,1,37.1,51,30,"2014-05-01"
"24",24,"Moderate",70,"Shanghai",2014,5,1,89.1,109,59,"2014-05-01"
"25",25,"Moderate",71,"Shenyang",2014,5,1,89.3,136,58,"2014-05-01"
"26",26,"Moderate",84,"Beijing",2014,6,1,50.7,80,29,"2014-06-01"
"27",27,"Unhealthy for Sensitive Groups",85,"Chengdu",2014,6,1,111.3,160,70,"2014-06-01"
"28",28,"Good",86,"Guangzhou",2014,6,1,14.3,18,10,"2014-06-01"
"29",29,"Good",87,"Shanghai",2014,6,1,25.8,41,10,"2014-06-01"
"30",30,"Moderate",88,"Shenyang",2014,6,1,91.8,113,54,"2014-06-01"
"31",31,"Unhealthy for Sensitive Groups",102,"Beijing",2014,7,1,101.6,168,27,"2014-07-01"
"32",32,"Good",103,"Chengdu",2014,7,1,31.3,52,19,"2014-07-01"
"33",33,"Good",104,"Guangzhou",2014,7,1,11.7,26,1,"2014-07-01"
"34",34,"Good",105,"Shanghai",2014,7,1,36.3,66,12,"2014-07-01"
"35",35,"Moderate",106,"Shenyang",2014,7,1,67,146,23,"2014-07-01"
"36",36,"Unhealthy for Sensitive Groups",118,"Beijing",2014,8,1,127.8,185,78,"2014-08-01"
"37",37,"Moderate",119,"Chengdu",2014,8,1,52.2,86,21,"2014-08-01"
"38",38,"Good",120,"Guangzhou",2014,8,1,42.2,76,13,"2014-08-01"
"39",39,"Good",121,"Shanghai",2014,8,1,11.3,19,2,"2014-08-01"
"40",40,"Good",122,"Shenyang",2014,8,1,20.7,43,5,"2014-08-01"
"41",41,"Unhealthy",182,"Beijing",2014,1,2,167.6,269,95,"2014-01-02"
"42",42,"Unhealthy",183,"Chengdu",2014,1,2,194.8,238,171,"2014-01-02"
"43",43,"Unhealthy for Sensitive Groups",184,"Guangzhou",2014,1,2,122.4,155,92,"2014-01-02"
"44",44,"Moderate",185,"Shanghai",2014,1,2,92.7,182,33,"2014-01-02"
"45",45,"Moderate",186,"Shenyang",2014,1,2,51.2,108,21,"2014-01-02"
"46",46,"Moderate",195,"Beijing",2014,2,2,68.9,174,7,"2014-02-02"
"47",47,"Unhealthy for Sensitive Groups",196,"Chengdu",2014,2,2,120.5,139,93,"2014-02-02"
"48",48,"Good",197,"Guangzhou",2014,2,2,43.6,64,31,"2014-02-02"
"49",49,"Unhealthy",198,"Shanghai",2014,2,2,177,268,78,"2014-02-02"
"50",50,"Good",199,"Shenyang",2014,2,2,49.4,129,10,"2014-02-02"
"51",51,"Unhealthy",208,"Beijing",2014,3,2,162.1,306,124,"2014-03-02"
"52",52,"Good",209,"Chengdu",2014,3,2,49.1,96,21,"2014-03-02"
"53",53,"Good",210,"Guangzhou",2014,3,2,33.4,68,11,"2014-03-02"
"54",54,"Moderate",211,"Shanghai",2014,3,2,52.8,81,26,"2014-03-02"
"55",55,"Moderate",212,"Shenyang",2014,3,2,65.8,130,32,"2014-03-02"
"56",56,"Unhealthy for Sensitive Groups",222,"Beijing",2014,4,2,105.5,163,64,"2014-04-02"
"57",57,"Moderate",223,"Chengdu",2014,4,2,50.7,69,38,"2014-04-02"
"58",58,"Good",224,"Guangzhou",2014,4,2,29.9,41,20,"2014-04-02"
"59",59,"Good",225,"Shanghai",2014,4,2,45.6,58,29,"2014-04-02"
"60",60,"Moderate",226,"Shenyang",2014,4,2,58.8,132,20,"2014-04-02"
"61",61,"Good",239,"Beijing",2014,5,2,37.8,60,17,"2014-05-02"
"62",62,"Good",240,"Chengdu",2014,5,2,45.2,60,27,"2014-05-02"
"63",63,"Good",241,"Guangzhou",2014,5,2,38.9,87,25,"2014-05-02"
"64",64,"Moderate",242,"Shanghai",2014,5,2,76,99,51,"2014-05-02"
"65",65,"Good",243,"Shenyang",2014,5,2,35.5,89,10,"2014-05-02"
"66",66,"Good",256,"Beijing",2014,6,2,33.4,57,18,"2014-06-02"
"67",67,"Unhealthy for Sensitive Groups",257,"Chengdu",2014,6,2,138.4,227,85,"2014-06-02"
"68",68,"Good",258,"Guangzhou",2014,6,2,14.3,32,1,"2014-06-02"
"69",69,"Good",259,"Shanghai",2014,6,2,43.2,68,15,"2014-06-02"
"70",70,"Moderate",260,"Shenyang",2014,6,2,57.9,103,21,"2014-06-02"
"71",71,"Moderate",273,"Beijing",2014,7,2,69.5,114,30,"2014-07-02"
"72",72,"Good",274,"Chengdu",2014,7,2,40.3,62,22,"2014-07-02"
"73",73,"Good",275,"Guangzhou",2014,7,2,12.4,23,2,"2014-07-02"
"74",74,"Good",276,"Shanghai",2014,7,2,47.2,90,23,"2014-07-02"
"75",75,"Good",277,"Shenyang",2014,7,2,40.2,96,5,"2014-07-02"
"76",76,"Moderate",289,"Beijing",2014,8,2,96.6,138,57,"2014-08-02"
"77",77,"Moderate",290,"Chengdu",2014,8,2,69,123,41,"2014-08-02"
"78",78,"Good",291,"Guangzhou",2014,8,2,43.2,95,8,"2014-08-02"
"79",79,"Good",292,"Shanghai",2014,8,2,14.6,42,2,"2014-08-02"
"80",80,"Good",293,"Shenyang",2014,8,2,30.3,69,4,"2014-08-02"
"81",81,"Moderate",352,"Beijing",2014,1,3,54.5,220,21,"2014-01-03"
"82",82,"Unhealthy",353,"Chengdu",2014,1,3,150.8,238,65,"2014-01-03"
"83",83,"Unhealthy for Sensitive Groups",354,"Guangzhou",2014,1,3,132.2,163,91,"2014-01-03"
"84",84,"Unhealthy for Sensitive Groups",355,"Shanghai",2014,1,3,129.9,225,68,"2014-01-03"
"85",85,"Good",356,"Shenyang",2014,1,3,44.5,69,23,"2014-01-03"
"86",86,"Good",365,"Beijing",2014,2,3,7.1,16,3,"2014-02-03"
"87",87,"Unhealthy for Sensitive Groups",366,"Chengdu",2014,2,3,126,143,112,"2014-02-03"
"88",88,"Good",367,"Guangzhou",2014,2,3,48,72,35,"2014-02-03"
"89",89,"Moderate",368,"Shanghai",2014,2,3,50.8,100,22,"2014-02-03"
"90",90,"Good",369,"Shenyang",2014,2,3,19.8,37,11,"2014-02-03"
"91",91,"Very Unhealthy",379,"Beijing",2014,3,3,243.5,322,182,"2014-03-03"
"92",92,"Moderate",380,"Chengdu",2014,3,3,53.2,101,22,"2014-03-03"
"93",93,"Moderate",381,"Guangzhou",2014,3,3,65.7,95,29,"2014-03-03"
"94",94,"Good",382,"Shanghai",2014,3,3,33.6,60,21,"2014-03-03"
"95",95,"Unhealthy for Sensitive Groups",383,"Shenyang",2014,3,3,104.6,137,61,"2014-03-03"
"96",96,"Good",393,"Beijing",2014,4,3,23.4,58,6,"2014-04-03"
"97",97,"Moderate",394,"Chengdu",2014,4,3,78.2,165,41,"2014-04-03"
"98",98,"Good",395,"Guangzhou",2014,4,3,42.4,81,16,"2014-04-03"
"99",99,"Good",396,"Shanghai",2014,4,3,46.9,77,22,"2014-04-03"
"100",100,"Good",397,"Shenyang",2014,4,3,23.8,52,13,"2014-04-03"
"101",101,"Moderate",410,"Beijing",2014,5,3,81.1,167,39,"2014-05-03"
"102",102,"Moderate",411,"Chengdu",2014,5,3,65.9,117,47,"2014-05-03"
"103",103,"Moderate",412,"Guangzhou",2014,5,3,64.6,92,39,"2014-05-03"
"104",104,"Good",413,"Shanghai",2014,5,3,36.3,54,22,"2014-05-03"
"105",105,"Good",414,"Shenyang",2014,5,3,33.8,73,11,"2014-05-03"
"106",106,"Good",427,"Beijing",2014,6,3,41.5,64,25,"2014-06-03"
"107",107,"Moderate",428,"Chengdu",2014,6,3,73.2,175,15,"2014-06-03"
"108",108,"Good",429,"Guangzhou",2014,6,3,22.5,57,4,"2014-06-03"
"109",109,"Good",430,"Shanghai",2014,6,3,48.5,65,21,"2014-06-03"
"110",110,"Good",431,"Shenyang",2014,6,3,42.3,79,20,"2014-06-03"
"111",111,"Very Unhealthy",444,"Beijing",2014,7,3,217.5,295,134,"2014-07-03"
"112",112,"Moderate",445,"Chengdu",2014,7,3,57.7,90,22,"2014-07-03"
"113",113,"Good",446,"Guangzhou",2014,7,3,13.7,30,4,"2014-07-03"
"114",114,"Moderate",447,"Shanghai",2014,7,3,65.4,106,14,"2014-07-03"
"115",115,"Moderate",448,"Shenyang",2014,7,3,84.9,122,55,"2014-07-03"
"116",116,"Unhealthy for Sensitive Groups",461,"Beijing",2014,8,3,102.9,201,52,"2014-08-03"
"117",117,"Moderate",462,"Chengdu",2014,8,3,65.9,101,39,"2014-08-03"
"118",118,"Moderate",463,"Guangzhou",2014,8,3,58.4,106,24,"2014-08-03"
"119",119,"Good",464,"Shanghai",2014,8,3,48,66,33,"2014-08-03"
"120",120,"Good",465,"Shenyang",2014,8,3,31.6,62,3,"2014-08-03"
"121",121,"Unhealthy",525,"Beijing",2014,1,4,154.9,224,75,"2014-01-04"
"122",122,"Unhealthy for Sensitive Groups",526,"Chengdu",2014,1,4,128.6,169,70,"2014-01-04"
"123",123,"Unhealthy for Sensitive Groups",527,"Guangzhou",2014,1,4,120,138,105,"2014-01-04"
"124",124,"Moderate",528,"Shanghai",2014,1,4,99.8,251,21,"2014-01-04"
"125",125,"Unhealthy for Sensitive Groups",529,"Shenyang",2014,1,4,136.3,279,41,"2014-01-04"
"126",126,"Good",538,"Beijing",2014,2,4,30,126,6,"2014-02-04"
"127",127,"Unhealthy for Sensitive Groups",539,"Chengdu",2014,2,4,138.3,167,107,"2014-02-04"
"128",128,"Moderate",540,"Guangzhou",2014,2,4,52.2,94,28,"2014-02-04"
"129",129,"Good",541,"Shanghai",2014,2,4,25.5,139,16,"2014-02-04"
"130",130,"Good",542,"Shenyang",2014,2,4,48.3,110,13,"2014-02-04"
"131",131,"Good",552,"Beijing",2014,3,4,49.3,255,3,"2014-03-04"
"132",132,"Good",553,"Chengdu",2014,3,4,43.6,59,30,"2014-03-04"
"133",133,"Moderate",554,"Guangzhou",2014,3,4,60,118,23,"2014-03-04"
"134",134,"Good",555,"Shanghai",2014,3,4,26.1,39,18,"2014-03-04"
"135",135,"Good",556,"Shenyang",2014,3,4,46.7,87,18,"2014-03-04"
"136",136,"Good",566,"Beijing",2014,4,4,32.3,60,11,"2014-04-04"
"137",137,"Moderate",567,"Chengdu",2014,4,4,55.9,92,40,"2014-04-04"
"138",138,"Moderate",568,"Guangzhou",2014,4,4,54.8,73,34,"2014-04-04"
"139",139,"Good",569,"Shanghai",2014,4,4,48.1,74,18,"2014-04-04"
"140",140,"Good",570,"Shenyang",2014,4,4,43.3,103,19,"2014-04-04"
"141",141,"Good",582,"Beijing",2014,5,4,47.4,98,26,"2014-05-04"
"142",142,"Good",583,"Chengdu",2014,5,4,46.4,89,24,"2014-05-04"
"143",143,"Unhealthy for Sensitive Groups",584,"Guangzhou",2014,5,4,106,121,81,"2014-05-04"
"144",144,"Good",585,"Shanghai",2014,5,4,49.2,80,24,"2014-05-04"
"145",145,"Good",586,"Shenyang",2014,5,4,16.4,25,6,"2014-05-04"
"146",146,"Moderate",600,"Beijing",2014,6,4,63.7,107,38,"2014-06-04"
"147",147,"Good",601,"Chengdu",2014,6,4,41.1,65,18,"2014-06-04"
"148",148,"Moderate",602,"Guangzhou",2014,6,4,59.8,143,5,"2014-06-04"
"149",149,"Moderate",603,"Shanghai",2014,6,4,63,86,41,"2014-06-04"
"150",150,"Moderate",604,"Shenyang",2014,6,4,72.1,145,40,"2014-06-04"
"151",151,"Unhealthy",617,"Beijing",2014,7,4,199.2,303,137,"2014-07-04"
"152",152,"Moderate",618,"Chengdu",2014,7,4,79.5,109,45,"2014-07-04"
"153",153,"Good",619,"Guangzhou",2014,7,4,11.9,27,5,"2014-07-04"
"154",154,"Good",620,"Shanghai",2014,7,4,41.8,93,16,"2014-07-04"
"155",155,"Moderate",621,"Shenyang",2014,7,4,78.8,110,46,"2014-07-04"
"156",156,"Good",633,"Beijing",2014,8,4,32,92,2,"2014-08-04"
"157",157,"Moderate",634,"Chengdu",2014,8,4,50.8,92,14,"2014-08-04"
"158",158,"Good",635,"Guangzhou",2014,8,4,34,53,19,"2014-08-04"
"159",159,"Moderate",636,"Shanghai",2014,8,4,58.5,81,42,"2014-08-04"
"160",160,"Good",637,"Shenyang",2014,8,4,14.7,34,1,"2014-08-04"
"161",161,"Unhealthy for Sensitive Groups",696,"Beijing",2014,1,5,101.4,183,28,"2014-01-05"
"162",162,"Unhealthy",697,"Chengdu",2014,1,5,168.1,206,139,"2014-01-05"
"163",163,"Unhealthy for Sensitive Groups",698,"Guangzhou",2014,1,5,103.2,158,69,"2014-01-05"
"164",164,"Moderate",699,"Shanghai",2014,1,5,50.3,122,23,"2014-01-05"
"165",165,"Moderate",700,"Shenyang",2014,1,5,99,173,49,"2014-01-05"
"166",166,"Unhealthy for Sensitive Groups",709,"Beijing",2014,2,5,103.8,155,62,"2014-02-05"
"167",167,"Moderate",710,"Chengdu",2014,2,5,68.5,136,32,"2014-02-05"
"168",168,"Good",711,"Guangzhou",2014,2,5,32.3,45,16,"2014-02-05"
"169",169,"Good",712,"Shanghai",2014,2,5,18.9,25,13,"2014-02-05"
"170",170,"Unhealthy for Sensitive Groups",713,"Shenyang",2014,2,5,107.3,245,28,"2014-02-05"
"171",171,"Good",723,"Beijing",2014,3,5,24.9,49,9,"2014-03-05"
"172",172,"Moderate",724,"Chengdu",2014,3,5,59,92,38,"2014-03-05"
"173",173,"Good",725,"Guangzhou",2014,3,5,26,54,10,"2014-03-05"
"174",174,"Good",726,"Shanghai",2014,3,5,39.9,93,18,"2014-03-05"
"175",175,"Good",727,"Shenyang",2014,3,5,34.9,72,16,"2014-03-05"
"176",176,"Good",737,"Beijing",2014,4,5,26.5,57,4,"2014-04-05"
"177",177,"Moderate",738,"Chengdu",2014,4,5,60.4,93,41,"2014-04-05"
"178",178,"Moderate",739,"Guangzhou",2014,4,5,63.4,89,43,"2014-04-05"
"179",179,"Moderate",740,"Shanghai",2014,4,5,52.6,127,20,"2014-04-05"
"180",180,"Good",741,"Shenyang",2014,4,5,26.1,54,4,"2014-04-05"
"181",181,"Good",752,"Beijing",2014,5,5,46.6,85,31,"2014-05-05"
"182",182,"Good",753,"Chengdu",2014,5,5,33.1,98,16,"2014-05-05"
"183",183,"Good",754,"Guangzhou",2014,5,5,20.8,38,3,"2014-05-05"
"184",184,"Good",755,"Shanghai",2014,5,5,34,45,28,"2014-05-05"
"185",185,"Good",756,"Shenyang",2014,5,5,30.2,42,12,"2014-05-05"
"186",186,"Moderate",768,"Beijing",2014,6,5,67.9,108,43,"2014-06-05"
"187",187,"Moderate",769,"Chengdu",2014,6,5,59.1,90,39,"2014-06-05"
"188",188,"Good",770,"Guangzhou",2014,6,5,22.7,35,11,"2014-06-05"
"189",189,"Good",771,"Shanghai",2014,6,5,42.8,56,30,"2014-06-05"
"190",190,"Moderate",772,"Shenyang",2014,6,5,54.4,91,34,"2014-06-05"
"191",191,"Unhealthy for Sensitive Groups",786,"Beijing",2014,7,5,121.3,184,67,"2014-07-05"
"192",192,"Moderate",787,"Chengdu",2014,7,5,52,88,29,"2014-07-05"
"193",193,"Good",788,"Guangzhou",2014,7,5,9.5,21,1,"2014-07-05"
"194",194,"Good",789,"Shanghai",2014,7,5,28.4,40,19,"2014-07-05"
"195",195,"Moderate",790,"Shenyang",2014,7,5,67.8,171,22,"2014-07-05"
"196",196,"Good",802,"Beijing",2014,8,5,22.8,51,8,"2014-08-05"
"197",197,"Moderate",803,"Chengdu",2014,8,5,61.8,110,43,"2014-08-05"
"198",198,"Good",804,"Guangzhou",2014,8,5,34.1,60,13,"2014-08-05"
"199",199,"Good",805,"Shanghai",2014,8,5,28.9,47,4,"2014-08-05"
"200",200,"Good",806,"Shenyang",2014,8,5,16.7,73,2,"2014-08-05"
"201",201,"Unhealthy",865,"Beijing",2014,1,6,154.6,217,123,"2014-01-06"
"202",202,"Unhealthy for Sensitive Groups",866,"Chengdu",2014,1,6,122.2,177,54,"2014-01-06"
"203",203,"Unhealthy",867,"Guangzhou",2014,1,6,153,210,95,"2014-01-06"
"204",204,"Good",868,"Shanghai",2014,1,6,27.5,43,17,"2014-01-06"
"205",205,"Unhealthy for Sensitive Groups",869,"Shenyang",2014,1,6,127.8,253,42,"2014-01-06"
"206",206,"Unhealthy for Sensitive Groups",878,"Beijing",2014,2,6,143.2,204,91,"2014-02-06"
"207",207,"Good",879,"Chengdu",2014,2,6,25.7,52,8,"2014-02-06"
"208",208,"Good",880,"Guangzhou",2014,2,6,30.6,42,17,"2014-02-06"
"209",209,"Good",881,"Shanghai",2014,2,6,14.2,19,10,"2014-02-06"
"210",210,"Moderate",882,"Shenyang",2014,2,6,74.6,136,33,"2014-02-06"
"211",211,"Good",892,"Beijing",2014,3,6,20.4,67,8,"2014-03-06"
"212",212,"Moderate",893,"Chengdu",2014,3,6,51.6,84,23,"2014-03-06"
"213",213,"Moderate",894,"Guangzhou",2014,3,6,71.4,118,35,"2014-03-06"
"214",214,"Good",895,"Shanghai",2014,3,6,23.1,31,17,"2014-03-06"
"215",215,"Good",896,"Shenyang",2014,3,6,24.6,63,10,"2014-03-06"
"216",216,"Moderate",906,"Beijing",2014,4,6,57.8,102,27,"2014-04-06"
"217",217,"Moderate",907,"Chengdu",2014,4,6,74.6,178,42,"2014-04-06"
"218",218,"Moderate",908,"Guangzhou",2014,4,6,65.6,97,40,"2014-04-06"
"219",219,"Good",909,"Shanghai",2014,4,6,20.9,28,14,"2014-04-06"
"220",220,"Good",910,"Shenyang",2014,4,6,45,81,17,"2014-04-06"
"221",221,"Unhealthy for Sensitive Groups",921,"Beijing",2014,5,6,101.5,154,56,"2014-05-06"
"222",222,"Moderate",922,"Chengdu",2014,5,6,51.6,86,34,"2014-05-06"
"223",223,"Good",923,"Guangzhou",2014,5,6,48.8,81,24,"2014-05-06"
"224",224,"Good",924,"Shanghai",2014,5,6,38,51,24,"2014-05-06"
"225",225,"Good",925,"Shenyang",2014,5,6,49.8,71,34,"2014-05-06"
"226",226,"Moderate",938,"Beijing",2014,6,6,55.3,109,6,"2014-06-06"
"227",227,"Moderate",939,"Chengdu",2014,6,6,60.2,92,43,"2014-06-06"
"228",228,"Moderate",940,"Guangzhou",2014,6,6,72.5,219,14,"2014-06-06"
"229",229,"Good",941,"Shanghai",2014,6,6,46.4,63,34,"2014-06-06"
"230",230,"Good",942,"Shenyang",2014,6,6,47.2,112,18,"2014-06-06"
"231",231,"Unhealthy",955,"Beijing",2014,7,6,191.3,252,139,"2014-07-06"
"232",232,"Moderate",956,"Chengdu",2014,7,6,65.3,121,30,"2014-07-06"
"233",233,"Good",957,"Guangzhou",2014,7,6,18.3,37,2,"2014-07-06"
"234",234,"Good",958,"Shanghai",2014,7,6,48.6,70,29,"2014-07-06"
"235",235,"Good",970,"Beijing",2014,8,6,36.8,125,2,"2014-08-06"
"236",236,"Moderate",971,"Chengdu",2014,8,6,72.6,112,49,"2014-08-06"
"237",237,"Good",972,"Guangzhou",2014,8,6,28.8,70,14,"2014-08-06"
"238",238,"Good",973,"Shanghai",2014,8,6,20.2,47,1,"2014-08-06"
"239",239,"Good",974,"Shenyang",2014,8,6,34.1,116,1,"2014-08-06"
"240",240,"Unhealthy for Sensitive Groups",1034,"Beijing",2014,1,7,112.9,256,11,"2014-01-07"
"241",241,"Moderate",1035,"Chengdu",2014,1,7,65,90,43,"2014-01-07"
"242",242,"Moderate",1036,"Guangzhou",2014,1,7,81.6,107,51,"2014-01-07"
"243",243,"Good",1037,"Shanghai",2014,1,7,46.2,75,35,"2014-01-07"
"244",244,"Moderate",1038,"Shenyang",2014,1,7,58.4,136,17,"2014-01-07"
"245",245,"Unhealthy for Sensitive Groups",1047,"Beijing",2014,2,7,102.9,119,84,"2014-02-07"
"246",246,"Good",1048,"Chengdu",2014,2,7,38,68,19,"2014-02-07"
"247",247,"Good",1049,"Guangzhou",2014,2,7,31.6,55,18,"2014-02-07"
"248",248,"Good",1050,"Shanghai",2014,2,7,17.5,25,10,"2014-02-07"
"249",249,"Moderate",1051,"Shenyang",2014,2,7,86.7,194,54,"2014-02-07"
"250",250,"Moderate",1061,"Beijing",2014,3,7,61.5,111,14,"2014-03-07"
"251",251,"Moderate",1062,"Chengdu",2014,3,7,59.7,101,24,"2014-03-07"
"252",252,"Good",1063,"Guangzhou",2014,3,7,29.6,56,9,"2014-03-07"
"253",253,"Good",1064,"Shanghai",2014,3,7,27.1,61,13,"2014-03-07"
"254",254,"Moderate",1065,"Shenyang",2014,3,7,50.3,102,12,"2014-03-07"
"255",255,"Moderate",1074,"Beijing",2014,4,7,100,166,55,"2014-04-07"
"256",256,"Moderate",1075,"Chengdu",2014,4,7,86.7,134,43,"2014-04-07"
"257",257,"Moderate",1076,"Guangzhou",2014,4,7,58.6,119,39,"2014-04-07"
"258",258,"Good",1077,"Shanghai",2014,4,7,38,55,18,"2014-04-07"
"259",259,"Moderate",1078,"Shenyang",2014,4,7,74.3,108,23,"2014-04-07"
"260",260,"Moderate",1090,"Beijing",2014,5,7,89.4,159,12,"2014-05-07"
"261",261,"Unhealthy for Sensitive Groups",1091,"Chengdu",2014,5,7,144.5,236,83,"2014-05-07"
"262",262,"Moderate",1092,"Guangzhou",2014,5,7,57.5,88,27,"2014-05-07"
"263",263,"Good",1093,"Shanghai",2014,5,7,44.7,65,31,"2014-05-07"
"264",264,"Good",1094,"Shenyang",2014,5,7,30.1,43,20,"2014-05-07"
"265",265,"Good",1108,"Beijing",2014,6,7,12.5,38,3,"2014-06-07"
"266",266,"Moderate",1109,"Chengdu",2014,6,7,69.9,136,44,"2014-06-07"
"267",267,"Unhealthy",1110,"Guangzhou",2014,6,7,150.9,224,49,"2014-06-07"
"268",268,"Moderate",1111,"Shanghai",2014,6,7,52.2,78,38,"2014-06-07"
"269",269,"Good",1112,"Shenyang",2014,6,7,44,71,26,"2014-06-07"
"270",270,"Unhealthy for Sensitive Groups",1125,"Beijing",2014,7,7,149.9,239,80,"2014-07-07"
"271",271,"Moderate",1126,"Chengdu",2014,7,7,73.5,76,71,"2014-07-07"
"272",272,"Moderate",1127,"Guangzhou",2014,7,7,52.8,110,27,"2014-07-07"
"273",273,"Good",1128,"Shanghai",2014,7,7,36.3,72,7,"2014-07-07"
"274",274,"Moderate",1129,"Shenyang",2014,7,7,52.5,57,48,"2014-07-07"
"275",275,"Moderate",1141,"Beijing",2014,8,7,61.6,142,37,"2014-08-07"
"276",276,"Good",1142,"Chengdu",2014,8,7,32,58,6,"2014-08-07"
"277",277,"Good",1143,"Guangzhou",2014,8,7,31.1,61,9,"2014-08-07"
"278",278,"Good",1144,"Shanghai",2014,8,7,16,44,2,"2014-08-07"
"279",279,"Good",1145,"Shenyang",2014,8,7,43.6,74,11,"2014-08-07"
"280",280,"Good",1205,"Beijing",2014,1,8,21.4,66,9,"2014-01-08"
"281",281,"Good",1206,"Chengdu",2014,1,8,44.1,79,20,"2014-01-08"
"282",282,"Moderate",1207,"Guangzhou",2014,1,8,93.7,166,43,"2014-01-08"
"283",283,"Good",1208,"Shanghai",2014,1,8,38.9,97,19,"2014-01-08"
"284",284,"Good",1209,"Shenyang",2014,1,8,26.5,80,10,"2014-01-08"
"285",285,"Moderate",1218,"Beijing",2014,2,8,56,147,6,"2014-02-08"
"286",286,"Moderate",1219,"Chengdu",2014,2,8,60.5,83,12,"2014-02-08"
"287",287,"Good",1220,"Guangzhou",2014,2,8,20.1,30,3,"2014-02-08"
"288",288,"Good",1221,"Shanghai",2014,2,8,45.5,73,17,"2014-02-08"
"289",289,"Moderate",1222,"Shenyang",2014,2,8,69.2,119,33,"2014-02-08"
"290",290,"Unhealthy",1232,"Beijing",2014,3,8,175.8,218,110,"2014-03-08"
"291",291,"Good",1233,"Chengdu",2014,3,8,30.5,42,17,"2014-03-08"
"292",292,"Good",1234,"Guangzhou",2014,3,8,46.5,90,14,"2014-03-08"
"293",293,"Good",1235,"Shanghai",2014,3,8,43.2,79,20,"2014-03-08"
"294",294,"Moderate",1236,"Shenyang",2014,3,8,59.5,98,36,"2014-03-08"
"295",295,"Unhealthy",1247,"Beijing",2014,4,8,168,206,136,"2014-04-08"
"296",296,"Unhealthy for Sensitive Groups",1248,"Chengdu",2014,4,8,131.5,244,58,"2014-04-08"
"297",297,"Moderate",1249,"Guangzhou",2014,4,8,56.6,85,41,"2014-04-08"
"298",298,"Moderate",1250,"Shanghai",2014,4,8,63.4,95,39,"2014-04-08"
"299",299,"Unhealthy for Sensitive Groups",1251,"Shenyang",2014,4,8,116.9,182,71,"2014-04-08"
"300",300,"Moderate",1264,"Beijing",2014,5,8,87.8,147,55,"2014-05-08"
"301",301,"Unhealthy for Sensitive Groups",1265,"Chengdu",2014,5,8,139.3,294,74,"2014-05-08"
"302",302,"Moderate",1266,"Guangzhou",2014,5,8,66.8,133,25,"2014-05-08"
"303",303,"Moderate",1267,"Shanghai",2014,5,8,68.8,135,42,"2014-05-08"
"304",304,"Good",1268,"Shenyang",2014,5,8,43.6,142,6,"2014-05-08"
"305",305,"Good",1282,"Beijing",2014,6,8,36.2,69,11,"2014-06-08"
"306",306,"Moderate",1283,"Chengdu",2014,6,8,64.3,94,48,"2014-06-08"
"307",307,"Unhealthy for Sensitive Groups",1284,"Guangzhou",2014,6,8,123.5,233,50,"2014-06-08"
"308",308,"Good",1285,"Shanghai",2014,6,8,40.6,54,25,"2014-06-08"
"309",309,"Good",1286,"Shenyang",2014,6,8,41.2,59,23,"2014-06-08"
"310",310,"Moderate",1300,"Beijing",2014,7,8,81.4,192,8,"2014-07-08"
"311",311,"Moderate",1301,"Guangzhou",2014,7,8,67.5,115,3,"2014-07-08"
"312",312,"Good",1302,"Shanghai",2014,7,8,20.8,36,5,"2014-07-08"
"313",313,"Moderate",1303,"Shenyang",2014,7,8,53.8,100,21,"2014-07-08"
"314",314,"Moderate",1316,"Beijing",2014,8,8,59,90,29,"2014-08-08"
"315",315,"Good",1317,"Chengdu",2014,8,8,34.1,70,11,"2014-08-08"
"316",316,"Good",1318,"Guangzhou",2014,8,8,27.7,67,10,"2014-08-08"
"317",317,"Good",1319,"Shanghai",2014,8,8,16.1,27,6,"2014-08-08"
"318",318,"Good",1320,"Shenyang",2014,8,8,48.1,97,13,"2014-08-08"
"319",319,"Good",1379,"Beijing",2014,1,9,33.1,83,10,"2014-01-09"
"320",320,"Moderate",1380,"Chengdu",2014,1,9,81.4,113,44,"2014-01-09"
"321",321,"Good",1381,"Guangzhou",2014,1,9,49.2,76,37,"2014-01-09"
"322",322,"Good",1382,"Shanghai",2014,1,9,34.3,45,22,"2014-01-09"
"323",323,"Moderate",1383,"Shenyang",2014,1,9,82.5,141,26,"2014-01-09"
"324",324,"Good",1392,"Beijing",2014,2,9,13.5,26,9,"2014-02-09"
"325",325,"Good",1393,"Chengdu",2014,2,9,45,61,23,"2014-02-09"
"326",326,"Good",1394,"Guangzhou",2014,2,9,8.9,15,5,"2014-02-09"
"327",327,"Good",1395,"Shanghai",2014,2,9,48.1,76,25,"2014-02-09"
"328",328,"Moderate",1396,"Shenyang",2014,2,9,55.2,87,24,"2014-02-09"
"329",329,"Unhealthy for Sensitive Groups",1406,"Beijing",2014,3,9,119.8,172,55,"2014-03-09"
"330",330,"Moderate",1407,"Chengdu",2014,3,9,77.2,140,44,"2014-03-09"
"331",331,"Good",1408,"Guangzhou",2014,3,9,21.6,43,6,"2014-03-09"
"332",332,"Moderate",1409,"Shanghai",2014,3,9,72.5,104,41,"2014-03-09"
"333",333,"Good",1410,"Shenyang",2014,3,9,38.1,101,15,"2014-03-09"
"334",334,"Unhealthy for Sensitive Groups",1421,"Beijing",2014,4,9,146.6,580,49,"2014-04-09"
"335",335,"Unhealthy for Sensitive Groups",1422,"Chengdu",2014,4,9,102.1,136,53,"2014-04-09"
"336",336,"Moderate",1423,"Guangzhou",2014,4,9,68.3,95,31,"2014-04-09"
"337",337,"Moderate",1424,"Shanghai",2014,4,9,63.5,84,51,"2014-04-09"
"338",338,"Moderate",1425,"Shenyang",2014,4,9,75.7,117,28,"2014-04-09"
"339",339,"Moderate",1438,"Beijing",2014,5,9,67.6,91,43,"2014-05-09"
"340",340,"Unhealthy for Sensitive Groups",1439,"Chengdu",2014,5,9,117.8,197,80,"2014-05-09"
"341",341,"Good",1440,"Guangzhou",2014,5,9,43.6,61,27,"2014-05-09"
"342",342,"Good",1441,"Shanghai",2014,5,9,48.8,61,40,"2014-05-09"
"343",343,"Moderate",1442,"Shenyang",2014,5,9,69,128,22,"2014-05-09"
"344",344,"Good",1456,"Beijing",2014,6,9,30.3,52,15,"2014-06-09"
"345",345,"Moderate",1457,"Chengdu",2014,6,9,74.7,113,44,"2014-06-09"
"346",346,"Moderate",1458,"Guangzhou",2014,6,9,96.7,207,47,"2014-06-09"
"347",347,"Good",1459,"Shanghai",2014,6,9,31,47,20,"2014-06-09"
"348",348,"Good",1460,"Shenyang",2014,6,9,41,68,11,"2014-06-09"
"349",349,"Good",1474,"Beijing",2014,7,9,24.6,85,8,"2014-07-09"
"350",350,"Moderate",1475,"Guangzhou",2014,7,9,54.8,90,18,"2014-07-09"
"351",351,"Good",1476,"Shanghai",2014,7,9,20.3,33,11,"2014-07-09"
"352",352,"Good",1477,"Shenyang",2014,7,9,40.1,85,17,"2014-07-09"
"353",353,"Moderate",1490,"Beijing",2014,8,9,77.9,160,15,"2014-08-09"
"354",354,"Good",1491,"Chengdu",2014,8,9,36.2,217,3,"2014-08-09"
"355",355,"Good",1492,"Guangzhou",2014,8,9,17,32,9,"2014-08-09"
"356",356,"Good",1493,"Shanghai",2014,8,9,19.6,34,10,"2014-08-09"
"357",357,"Good",1494,"Shenyang",2014,8,9,32.4,70,5,"2014-08-09"
"358",358,"Moderate",1554,"Beijing",2014,1,10,81.3,127,43,"2014-01-10"
"359",359,"Moderate",1555,"Chengdu",2014,1,10,89.9,122,49,"2014-01-10"
"360",360,"Moderate",1556,"Guangzhou",2014,1,10,72.5,107,48,"2014-01-10"
"361",361,"Good",1557,"Shanghai",2014,1,10,45.6,66,24,"2014-01-10"
"362",362,"Moderate",1558,"Shenyang",2014,1,10,97.7,188,38,"2014-01-10"
"363",363,"Good",1567,"Beijing",2014,2,10,26.2,66,7,"2014-02-10"
"364",364,"Moderate",1568,"Chengdu",2014,2,10,72.2,97,51,"2014-02-10"
"365",365,"Good",1569,"Guangzhou",2014,2,10,31.6,47,9,"2014-02-10"
"366",366,"Good",1570,"Shanghai",2014,2,10,33,42,23,"2014-02-10"
"367",367,"Moderate",1571,"Shenyang",2014,2,10,75.9,151,37,"2014-02-10"
"368",368,"Unhealthy for Sensitive Groups",1581,"Beijing",2014,3,10,108.5,224,36,"2014-03-10"
"369",369,"Unhealthy for Sensitive Groups",1582,"Chengdu",2014,3,10,103.3,160,69,"2014-03-10"
"370",370,"Good",1583,"Guangzhou",2014,3,10,34,55,22,"2014-03-10"
"371",371,"Unhealthy for Sensitive Groups",1584,"Shanghai",2014,3,10,128.5,150,88,"2014-03-10"
"372",372,"Moderate",1585,"Shenyang",2014,3,10,77.2,152,43,"2014-03-10"
"373",373,"Moderate",1596,"Beijing",2014,4,10,86.2,175,51,"2014-04-10"
"374",374,"Unhealthy for Sensitive Groups",1597,"Chengdu",2014,4,10,106.3,148,35,"2014-04-10"
"375",375,"Good",1598,"Guangzhou",2014,4,10,43.4,53,27,"2014-04-10"
"376",376,"Moderate",1599,"Shanghai",2014,4,10,55.5,75,39,"2014-04-10"
"377",377,"Good",1600,"Shenyang",2014,4,10,48.3,83,22,"2014-04-10"
"378",378,"Moderate",1613,"Beijing",2014,5,10,54.4,71,40,"2014-05-10"
"379",379,"Good",1614,"Chengdu",2014,5,10,47.2,93,19,"2014-05-10"
"380",380,"Good",1615,"Guangzhou",2014,5,10,33.5,75,11,"2014-05-10"
"381",381,"Good",1616,"Shanghai",2014,5,10,41.7,57,19,"2014-05-10"
"382",382,"Moderate",1617,"Shenyang",2014,5,10,59.8,113,22,"2014-05-10"
"383",383,"Moderate",1631,"Beijing",2014,6,10,78,103,50,"2014-06-10"
"384",384,"Moderate",1632,"Chengdu",2014,6,10,60.1,102,36,"2014-06-10"
"385",385,"Moderate",1633,"Guangzhou",2014,6,10,82.1,129,33,"2014-06-10"
"386",386,"Good",1634,"Shanghai",2014,6,10,27.8,37,18,"2014-06-10"
"387",387,"Good",1635,"Shenyang",2014,6,10,47.6,72,29,"2014-06-10"
"388",388,"Good",1648,"Beijing",2014,7,10,31.4,70,15,"2014-07-10"
"389",389,"Good",1649,"Guangzhou",2014,7,10,29.6,50,8,"2014-07-10"
"390",390,"Moderate",1650,"Shanghai",2014,7,10,79.4,159,16,"2014-07-10"
"391",391,"Good",1651,"Shenyang",2014,7,10,15.2,30,8,"2014-07-10"
"392",392,"Good",1664,"Beijing",2014,8,10,36.4,86,20,"2014-08-10"
"393",393,"Moderate",1665,"Chengdu",2014,8,10,69.4,131,27,"2014-08-10"
"394",394,"Good",1666,"Guangzhou",2014,8,10,19.5,32,9,"2014-08-10"
"395",395,"Good",1667,"Shanghai",2014,8,10,48.3,74,25,"2014-08-10"
"396",396,"Good",1668,"Shenyang",2014,8,10,39.8,87,14,"2014-08-10"
"397",397,"Unhealthy",1728,"Beijing",2014,1,11,152.6,273,20,"2014-01-11"
"398",398,"Moderate",1729,"Chengdu",2014,1,11,72.2,98,50,"2014-01-11"
"399",399,"Unhealthy for Sensitive Groups",1730,"Guangzhou",2014,1,11,105.5,182,64,"2014-01-11"
"400",400,"Good",1731,"Shanghai",2014,1,11,45.5,57,38,"2014-01-11"
"401",401,"Unhealthy for Sensitive Groups",1732,"Shenyang",2014,1,11,104.6,165,35,"2014-01-11"
"402",402,"Unhealthy for Sensitive Groups",1741,"Beijing",2014,2,11,131.2,221,64,"2014-02-11"
"403",403,"Moderate",1742,"Chengdu",2014,2,11,82.4,116,60,"2014-02-11"
"404",404,"Good",1743,"Guangzhou",2014,2,11,41.4,53,35,"2014-02-11"
"405",405,"Good",1744,"Shanghai",2014,2,11,39.4,56,21,"2014-02-11"
"406",406,"Unhealthy for Sensitive Groups",1745,"Shenyang",2014,2,11,110.7,193,59,"2014-02-11"
"407",407,"Unhealthy",1755,"Beijing",2014,3,11,195.8,303,10,"2014-03-11"
"408",408,"Unhealthy for Sensitive Groups",1756,"Chengdu",2014,3,11,107.1,161,76,"2014-03-11"
"409",409,"Moderate",1757,"Guangzhou",2014,3,11,55.2,93,32,"2014-03-11"
"410",410,"Good",1758,"Shanghai",2014,3,11,46.2,65,29,"2014-03-11"
"411",411,"Moderate",1759,"Shenyang",2014,3,11,84.5,151,42,"2014-03-11"
"412",412,"Moderate",1770,"Beijing",2014,4,11,61.4,103,36,"2014-04-11"
"413",413,"Good",1771,"Chengdu",2014,4,11,35.8,52,22,"2014-04-11"
"414",414,"Good",1772,"Guangzhou",2014,4,11,39.2,55,23,"2014-04-11"
"415",415,"Good",1773,"Shanghai",2014,4,11,48.7,55,39,"2014-04-11"
"416",416,"Moderate",1774,"Shenyang",2014,4,11,65,135,25,"2014-04-11"
"417",417,"Good",1787,"Beijing",2014,5,11,30.7,57,8,"2014-05-11"
"418",418,"Good",1788,"Chengdu",2014,5,11,46.2,62,35,"2014-05-11"
"419",419,"Good",1789,"Guangzhou",2014,5,11,29.1,65,12,"2014-05-11"
"420",420,"Good",1790,"Shanghai",2014,5,11,36,82,15,"2014-05-11"
"421",421,"Good",1804,"Beijing",2014,6,11,43.9,123,12,"2014-06-11"
"422",422,"Moderate",1805,"Chengdu",2014,6,11,70.5,103,52,"2014-06-11"
"423",423,"Very Unhealthy",1806,"Guangzhou",2014,6,11,204,526,93,"2014-06-11"
"424",424,"Good",1807,"Shanghai",2014,6,11,28,41,21,"2014-06-11"
"425",425,"Moderate",1808,"Shenyang",2014,6,11,84.2,338,24,"2014-06-11"
"426",426,"Good",1822,"Beijing",2014,7,11,30.8,64,9,"2014-07-11"
"427",427,"Good",1823,"Guangzhou",2014,7,11,11.2,36,2,"2014-07-11"
"428",428,"Moderate",1824,"Shanghai",2014,7,11,88.9,136,18,"2014-07-11"
"429",429,"Good",1825,"Shenyang",2014,7,11,13.2,32,2,"2014-07-11"
"430",430,"Good",1838,"Beijing",2014,8,11,22.4,65,6,"2014-08-11"
"431",431,"Good",1839,"Chengdu",2014,8,11,37.4,56,18,"2014-08-11"
"432",432,"Good",1840,"Guangzhou",2014,8,11,16.5,34,5,"2014-08-11"
"433",433,"Good",1841,"Shanghai",2014,8,11,25.8,49,9,"2014-08-11"
"434",434,"Good",1842,"Shenyang",2014,8,11,41.5,77,19,"2014-08-11"
"435",435,"Good",1902,"Beijing",2014,1,12,28.5,62,8,"2014-01-12"
"436",436,"Moderate",1903,"Chengdu",2014,1,12,60.7,111,24,"2014-01-12"
"437",437,"Moderate",1904,"Guangzhou",2014,1,12,84.4,183,34,"2014-01-12"
"438",438,"Moderate",1905,"Shanghai",2014,1,12,85.4,194,35,"2014-01-12"
"439",439,"Good",1906,"Shenyang",2014,1,12,36.1,60,12,"2014-01-12"
"440",440,"Unhealthy for Sensitive Groups",1914,"Beijing",2014,2,12,145.6,268,36,"2014-02-12"
"441",441,"Moderate",1915,"Chengdu",2014,2,12,94.7,135,57,"2014-02-12"
"442",442,"Moderate",1916,"Guangzhou",2014,2,12,51.3,67,30,"2014-02-12"
"443",443,"Good",1917,"Shanghai",2014,2,12,31,51,22,"2014-02-12"
"444",444,"Unhealthy for Sensitive Groups",1918,"Shenyang",2014,2,12,114.1,191,59,"2014-02-12"
"445",445,"Good",1928,"Beijing",2014,3,12,19.2,66,9,"2014-03-12"
"446",446,"Moderate",1929,"Chengdu",2014,3,12,86.2,114,46,"2014-03-12"
"447",447,"Unhealthy for Sensitive Groups",1930,"Guangzhou",2014,3,12,130.9,201,96,"2014-03-12"
"448",448,"Good",1931,"Shanghai",2014,3,12,32.1,61,20,"2014-03-12"
"449",449,"Good",1932,"Shenyang",2014,3,12,28.4,71,10,"2014-03-12"
"450",450,"Unhealthy for Sensitive Groups",1943,"Beijing",2014,4,12,119.6,190,75,"2014-04-12"
"451",451,"Good",1944,"Chengdu",2014,4,12,48.6,84,19,"2014-04-12"
"452",452,"Good",1945,"Guangzhou",2014,4,12,40.2,53,28,"2014-04-12"
"453",453,"Moderate",1946,"Shanghai",2014,4,12,54.9,129,21,"2014-04-12"
"454",454,"Unhealthy for Sensitive Groups",1947,"Shenyang",2014,4,12,137.6,163,112,"2014-04-12"
"455",455,"Good",1960,"Beijing",2014,5,12,47.3,82,21,"2014-05-12"
"456",456,"Moderate",1961,"Chengdu",2014,5,12,86.9,134,45,"2014-05-12"
"457",457,"Moderate",1962,"Guangzhou",2014,5,12,77.9,138,35,"2014-05-12"
"458",458,"Moderate",1963,"Shanghai",2014,5,12,63.8,81,52,"2014-05-12"
"459",459,"Good",1964,"Shenyang",2014,5,12,26.7,51,8,"2014-05-12"
"460",460,"Good",1977,"Beijing",2014,6,12,31.6,64,10,"2014-06-12"
"461",461,"Moderate",1978,"Chengdu",2014,6,12,51.1,62,38,"2014-06-12"
"462",462,"Moderate",1979,"Guangzhou",2014,6,12,73.4,150,29,"2014-06-12"
"463",463,"Moderate",1980,"Shanghai",2014,6,12,51.6,67,28,"2014-06-12"
"464",464,"Moderate",1981,"Shenyang",2014,6,12,57.9,124,21,"2014-06-12"
"465",465,"Good",1995,"Beijing",2014,7,12,14.5,36,6,"2014-07-12"
"466",466,"Good",1996,"Guangzhou",2014,7,12,18.4,41,1,"2014-07-12"
"467",467,"Moderate",1997,"Shanghai",2014,7,12,55.5,95,5,"2014-07-12"
"468",468,"Good",1998,"Shenyang",2014,7,12,28.5,63,7,"2014-07-12"
"469",469,"Good",2009,"Beijing",2014,8,12,26.1,64,8,"2014-08-12"
"470",470,"Good",2010,"Chengdu",2014,8,12,41.3,62,28,"2014-08-12"
"471",471,"Good",2011,"Guangzhou",2014,8,12,16.2,29,1,"2014-08-12"
"472",472,"Good",2012,"Shanghai",2014,8,12,30.2,77,3,"2014-08-12"
"473",473,"Good",2013,"Shenyang",2014,8,12,23.3,45,5,"2014-08-12"
"474",474,"Unhealthy for Sensitive Groups",2072,"Beijing",2014,1,13,127.9,299,63,"2014-01-13"
"475",475,"Moderate",2073,"Chengdu",2014,1,13,67.6,93,40,"2014-01-13"
"476",476,"Good",2074,"Guangzhou",2014,1,13,38.2,58,24,"2014-01-13"
"477",477,"Good",2075,"Shanghai",2014,1,13,39.4,188,17,"2014-01-13"
"478",478,"Unhealthy for Sensitive Groups",2076,"Shenyang",2014,1,13,127.4,302,53,"2014-01-13"
"479",479,"Very Unhealthy",2084,"Beijing",2014,2,13,211,263,160,"2014-02-13"
"480",480,"Unhealthy for Sensitive Groups",2085,"Chengdu",2014,2,13,116.7,155,94,"2014-02-13"
"481",481,"Good",2086,"Guangzhou",2014,2,13,36,56,23,"2014-02-13"
"482",482,"Good",2087,"Shanghai",2014,2,13,28,49,18,"2014-02-13"
"483",483,"Unhealthy for Sensitive Groups",2088,"Shenyang",2014,2,13,131.2,233,60,"2014-02-13"
"484",484,"Good",2098,"Beijing",2014,3,13,22.2,40,12,"2014-03-13"
"485",485,"Moderate",2099,"Chengdu",2014,3,13,66.3,117,33,"2014-03-13"
"486",486,"Good",2100,"Guangzhou",2014,3,13,36.7,71,6,"2014-03-13"
"487",487,"Good",2101,"Shanghai",2014,3,13,37.3,57,27,"2014-03-13"
"488",488,"Unhealthy for Sensitive Groups",2102,"Shenyang",2014,3,13,107,163,69,"2014-03-13"
"489",489,"Unhealthy",2113,"Beijing",2014,4,13,163.2,254,128,"2014-04-13"
"490",490,"Moderate",2114,"Chengdu",2014,4,13,61.7,107,26,"2014-04-13"
"491",491,"Moderate",2115,"Guangzhou",2014,4,13,59.6,132,26,"2014-04-13"
"492",492,"Good",2116,"Shanghai",2014,4,13,43.9,78,15,"2014-04-13"
"493",493,"Moderate",2117,"Shenyang",2014,4,13,98.1,149,59,"2014-04-13"
"494",494,"Moderate",2130,"Beijing",2014,5,13,58.7,112,25,"2014-05-13"
"495",495,"Unhealthy for Sensitive Groups",2131,"Chengdu",2014,5,13,102.7,243,32,"2014-05-13"
"496",496,"Moderate",2132,"Guangzhou",2014,5,13,72.3,162,16,"2014-05-13"
"497",497,"Moderate",2133,"Shanghai",2014,5,13,58,82,34,"2014-05-13"
"498",498,"Moderate",2134,"Shenyang",2014,5,13,92.7,132,51,"2014-05-13"
"499",499,"Moderate",2147,"Beijing",2014,6,13,59.7,126,14,"2014-06-13"
"500",500,"Moderate",2148,"Chengdu",2014,6,13,63,103,38,"2014-06-13"
"501",501,"Moderate",2149,"Guangzhou",2014,6,13,87.7,154,51,"2014-06-13"
"502",502,"Moderate",2150,"Shanghai",2014,6,13,79.1,100,61,"2014-06-13"
"503",503,"Good",2151,"Shenyang",2014,6,13,41.9,77,22,"2014-06-13"
"504",504,"Good",2165,"Beijing",2014,7,13,22.2,58,9,"2014-07-13"
"505",505,"Good",2166,"Guangzhou",2014,7,13,11.5,21,3,"2014-07-13"
"506",506,"Good",2167,"Shanghai",2014,7,13,39.9,72,6,"2014-07-13"
"507",507,"Good",2168,"Shenyang",2014,7,13,41.1,70,17,"2014-07-13"
"508",508,"Good",2181,"Beijing",2014,8,13,27,55,13,"2014-08-13"
"509",509,"Moderate",2182,"Chengdu",2014,8,13,54.1,81,27,"2014-08-13"
"510",510,"Good",2183,"Guangzhou",2014,8,13,20.9,52,1,"2014-08-13"
"511",511,"Good",2184,"Shanghai",2014,8,13,33,64,15,"2014-08-13"
"512",512,"Good",2185,"Shenyang",2014,8,13,27.1,78,4,"2014-08-13"
"513",513,"Unhealthy for Sensitive Groups",2245,"Beijing",2014,1,14,119.5,227,36,"2014-01-14"
"514",514,"Unhealthy for Sensitive Groups",2246,"Chengdu",2014,1,14,127,160,78,"2014-01-14"
"515",515,"Good",2247,"Guangzhou",2014,1,14,41.9,60,28,"2014-01-14"
"516",516,"Good",2248,"Shanghai",2014,1,14,24.5,35,17,"2014-01-14"
"517",517,"Unhealthy",2249,"Shenyang",2014,1,14,166.7,342,57,"2014-01-14"
"518",518,"Very Unhealthy",2258,"Beijing",2014,2,14,299.7,579,196,"2014-02-14"
"519",519,"Unhealthy for Sensitive Groups",2259,"Chengdu",2014,2,14,114.8,221,77,"2014-02-14"
"520",520,"Good",2260,"Guangzhou",2014,2,14,46.3,63,27,"2014-02-14"
"521",521,"Good",2261,"Shanghai",2014,2,14,40.9,52,26,"2014-02-14"
"522",522,"Unhealthy for Sensitive Groups",2262,"Shenyang",2014,2,14,118.8,181,79,"2014-02-14"
"523",523,"Good",2272,"Beijing",2014,3,14,24.9,72,7,"2014-03-14"
"524",524,"Good",2273,"Chengdu",2014,3,14,40.7,50,22,"2014-03-14"
"525",525,"Moderate",2274,"Guangzhou",2014,3,14,53.1,74,41,"2014-03-14"
"526",526,"Moderate",2275,"Shanghai",2014,3,14,71,98,56,"2014-03-14"
"527",527,"Unhealthy for Sensitive Groups",2276,"Shenyang",2014,3,14,141.8,281,62,"2014-03-14"
"528",528,"Very Unhealthy",2287,"Beijing",2014,4,14,238.2,282,56,"2014-04-14"
"529",529,"Moderate",2288,"Chengdu",2014,4,14,69,102,36,"2014-04-14"
"530",530,"Moderate",2289,"Guangzhou",2014,4,14,53.6,103,30,"2014-04-14"
"531",531,"Moderate",2290,"Shanghai",2014,4,14,63.1,80,43,"2014-04-14"
"532",532,"Unhealthy for Sensitive Groups",2291,"Shenyang",2014,4,14,115.2,191,64,"2014-04-14"
"533",533,"Good",2304,"Beijing",2014,5,14,22.9,38,11,"2014-05-14"
"534",534,"Moderate",2305,"Chengdu",2014,5,14,94.7,206,27,"2014-05-14"
"535",535,"Good",2306,"Guangzhou",2014,5,14,24.5,36,17,"2014-05-14"
"536",536,"Moderate",2307,"Shanghai",2014,5,14,72.8,143,30,"2014-05-14"
"537",537,"Good",2308,"Shenyang",2014,5,14,33,114,13,"2014-05-14"
"538",538,"Good",2321,"Beijing",2014,6,14,47.5,128,18,"2014-06-14"
"539",539,"Moderate",2322,"Chengdu",2014,6,14,55.6,91,31,"2014-06-14"
"540",540,"Moderate",2323,"Guangzhou",2014,6,14,70.1,127,41,"2014-06-14"
"541",541,"Moderate",2324,"Shanghai",2014,6,14,86.1,109,62,"2014-06-14"
"542",542,"Moderate",2325,"Shenyang",2014,6,14,68.4,198,27,"2014-06-14"
"543",543,"Good",2339,"Beijing",2014,7,14,29.9,58,15,"2014-07-14"
"544",544,"Good",2340,"Chengdu",2014,7,14,33.6,47,22,"2014-07-14"
"545",545,"Good",2341,"Guangzhou",2014,7,14,9,22,2,"2014-07-14"
"546",546,"Moderate",2342,"Shanghai",2014,7,14,55,81,9,"2014-07-14"
"547",547,"Moderate",2343,"Shenyang",2014,7,14,73,128,36,"2014-07-14"
"548",548,"Good",2355,"Beijing",2014,8,14,28.4,48,16,"2014-08-14"
"549",549,"Moderate",2356,"Chengdu",2014,8,14,70,110,39,"2014-08-14"
"550",550,"Good",2357,"Guangzhou",2014,8,14,18.6,42,11,"2014-08-14"
"551",551,"Good",2358,"Shanghai",2014,8,14,18.6,60,1,"2014-08-14"
"552",552,"Good",2359,"Shenyang",2014,8,14,29.9,56,7,"2014-08-14"
"553",553,"Very Unhealthy",2418,"Beijing",2014,1,15,210.4,569,47,"2014-01-15"
"554",554,"Unhealthy",2419,"Chengdu",2014,1,15,153,229,111,"2014-01-15"
"555",555,"Moderate",2420,"Guangzhou",2014,1,15,68.6,107,52,"2014-01-15"
"556",556,"Good",2421,"Shanghai",2014,1,15,34.4,73,23,"2014-01-15"
"557",557,"Moderate",2422,"Shenyang",2014,1,15,98,144,48,"2014-01-15"
"558",558,"Hazardous",2431,"Beijing",2014,2,15,363.8,649,277,"2014-02-15"
"559",559,"Unhealthy for Sensitive Groups",2432,"Chengdu",2014,2,15,139.8,312,97,"2014-02-15"
"560",560,"Moderate",2433,"Guangzhou",2014,2,15,53.4,85,37,"2014-02-15"
"561",561,"Good",2434,"Shanghai",2014,2,15,27.3,49,17,"2014-02-15"
"562",562,"Unhealthy",2435,"Shenyang",2014,2,15,164.9,244,91,"2014-02-15"
"563",563,"Unhealthy for Sensitive Groups",2446,"Beijing",2014,3,15,114.6,205,63,"2014-03-15"
"564",564,"Moderate",2447,"Chengdu",2014,3,15,71.6,103,43,"2014-03-15"
"565",565,"Moderate",2448,"Guangzhou",2014,3,15,64,85,45,"2014-03-15"
"566",566,"Moderate",2449,"Shanghai",2014,3,15,71.8,104,39,"2014-03-15"
"567",567,"Good",2450,"Shenyang",2014,3,15,47.9,103,14,"2014-03-15"
"568",568,"Moderate",2461,"Beijing",2014,4,15,66.7,112,34,"2014-04-15"
"569",569,"Moderate",2462,"Chengdu",2014,4,15,71.4,90,51,"2014-04-15"
"570",570,"Good",2463,"Guangzhou",2014,4,15,36.9,50,26,"2014-04-15"
"571",571,"Good",2464,"Shanghai",2014,4,15,43.4,69,27,"2014-04-15"
"572",572,"Good",2465,"Shenyang",2014,4,15,40.5,167,16,"2014-04-15"
"573",573,"Moderate",2477,"Beijing",2014,5,15,85.9,203,37,"2014-05-15"
"574",574,"Good",2478,"Chengdu",2014,5,15,37.3,79,26,"2014-05-15"
"575",575,"Good",2479,"Guangzhou",2014,5,15,39.3,68,22,"2014-05-15"
"576",576,"Moderate",2480,"Shanghai",2014,5,15,59.4,92,42,"2014-05-15"
"577",577,"Good",2481,"Shenyang",2014,5,15,27.3,57,15,"2014-05-15"
"578",578,"Unhealthy for Sensitive Groups",2494,"Beijing",2014,6,15,115.7,169,61,"2014-06-15"
"579",579,"Moderate",2495,"Chengdu",2014,6,15,71.8,112,48,"2014-06-15"
"580",580,"Unhealthy for Sensitive Groups",2496,"Guangzhou",2014,6,15,104.2,282,50,"2014-06-15"
"581",581,"Good",2497,"Shanghai",2014,6,15,46.6,72,25,"2014-06-15"
"582",582,"Moderate",2498,"Shenyang",2014,6,15,72.7,153,18,"2014-06-15"
"583",583,"Moderate",2512,"Beijing",2014,7,15,52.1,93,29,"2014-07-15"
"584",584,"Good",2513,"Chengdu",2014,7,15,36.7,53,22,"2014-07-15"
"585",585,"Good",2514,"Guangzhou",2014,7,15,9,26,1,"2014-07-15"
"586",586,"Good",2515,"Shanghai",2014,7,15,31,63,8,"2014-07-15"
"587",587,"Moderate",2516,"Shenyang",2014,7,15,69.2,109,27,"2014-07-15"
"588",588,"Good",2528,"Beijing",2014,8,15,43.4,121,12,"2014-08-15"
"589",589,"Moderate",2529,"Chengdu",2014,8,15,65,112,32,"2014-08-15"
"590",590,"Good",2530,"Guangzhou",2014,8,15,18.8,42,7,"2014-08-15"
"591",591,"Good",2531,"Shanghai",2014,8,15,26.1,50,14,"2014-08-15"
"592",592,"Moderate",2532,"Shenyang",2014,8,15,54.6,79,25,"2014-08-15"
"593",593,"Hazardous",2591,"Beijing",2014,1,16,448.4,671,161,"2014-01-16"
"594",594,"Unhealthy",2592,"Chengdu",2014,1,16,160,262,94,"2014-01-16"
"595",595,"Moderate",2593,"Guangzhou",2014,1,16,95.7,133,72,"2014-01-16"
"596",596,"Moderate",2594,"Shanghai",2014,1,16,69.6,97,47,"2014-01-16"
"597",597,"Unhealthy",2595,"Shenyang",2014,1,16,179.6,343,102,"2014-01-16"
"598",598,"Very Unhealthy",2604,"Beijing",2014,2,16,264.8,393,120,"2014-02-16"
"599",599,"Unhealthy for Sensitive Groups",2605,"Chengdu",2014,2,16,139,173,100,"2014-02-16"
"600",600,"Moderate",2606,"Guangzhou",2014,2,16,71.7,94,49,"2014-02-16"
"601",601,"Good",2607,"Shanghai",2014,2,16,23.2,32,11,"2014-02-16"
"602",602,"Moderate",2608,"Shenyang",2014,2,16,81.8,167,46,"2014-02-16"
"603",603,"Unhealthy for Sensitive Groups",2619,"Beijing",2014,3,16,122.3,188,73,"2014-03-16"
"604",604,"Unhealthy for Sensitive Groups",2620,"Chengdu",2014,3,16,126.8,189,69,"2014-03-16"
"605",605,"Unhealthy for Sensitive Groups",2621,"Guangzhou",2014,3,16,100.5,177,65,"2014-03-16"
"606",606,"Moderate",2622,"Shanghai",2014,3,16,60,84,39,"2014-03-16"
"607",607,"Moderate",2623,"Shenyang",2014,3,16,66.7,137,14,"2014-03-16"
"608",608,"Moderate",2634,"Beijing",2014,4,16,68.8,134,35,"2014-04-16"
"609",609,"Moderate",2635,"Chengdu",2014,4,16,68.4,101,44,"2014-04-16"
"610",610,"Good",2636,"Guangzhou",2014,4,16,44.5,58,33,"2014-04-16"
"611",611,"Good",2637,"Shanghai",2014,4,16,45,96,28,"2014-04-16"
"612",612,"Moderate",2638,"Shenyang",2014,4,16,55.8,101,31,"2014-04-16"
"613",613,"Moderate",2649,"Beijing",2014,5,16,74.9,271,38,"2014-05-16"
"614",614,"Moderate",2650,"Chengdu",2014,5,16,69.4,100,47,"2014-05-16"
"615",615,"Good",2651,"Guangzhou",2014,5,16,44.2,82,9,"2014-05-16"
"616",616,"Moderate",2652,"Shanghai",2014,5,16,55.9,92,34,"2014-05-16"
"617",617,"Good",2653,"Shenyang",2014,5,16,46.8,138,11,"2014-05-16"
"618",618,"Unhealthy for Sensitive Groups",2666,"Beijing",2014,6,16,138.5,196,96,"2014-06-16"
"619",619,"Moderate",2667,"Chengdu",2014,6,16,68.8,114,38,"2014-06-16"
"620",620,"Unhealthy for Sensitive Groups",2668,"Guangzhou",2014,6,16,133,266,8,"2014-06-16"
"621",621,"Good",2669,"Shanghai",2014,6,16,23.4,42,12,"2014-06-16"
"622",622,"Unhealthy for Sensitive Groups",2670,"Shenyang",2014,6,16,120.2,196,50,"2014-06-16"
"623",623,"Unhealthy for Sensitive Groups",2684,"Beijing",2014,7,16,110.3,172,60,"2014-07-16"
"624",624,"Moderate",2685,"Chengdu",2014,7,16,50.1,115,31,"2014-07-16"
"625",625,"Good",2686,"Guangzhou",2014,7,16,9.7,22,1,"2014-07-16"
"626",626,"Good",2687,"Shanghai",2014,7,16,43.3,64,19,"2014-07-16"
"627",627,"Good",2688,"Shenyang",2014,7,16,34.6,66,10,"2014-07-16"
"628",628,"Moderate",2701,"Beijing",2014,8,16,65.4,172,28,"2014-08-16"
"629",629,"Moderate",2702,"Chengdu",2014,8,16,83.8,121,59,"2014-08-16"
"630",630,"Good",2703,"Guangzhou",2014,8,16,24.4,49,10,"2014-08-16"
"631",631,"Good",2704,"Shanghai",2014,8,16,31,50,17,"2014-08-16"
"632",632,"Moderate",2705,"Shenyang",2014,8,16,61.1,106,24,"2014-08-16"
"633",633,"Unhealthy",2764,"Beijing",2014,1,17,154.5,384,10,"2014-01-17"
"634",634,"Unhealthy",2765,"Chengdu",2014,1,17,175.1,238,134,"2014-01-17"
"635",635,"Unhealthy for Sensitive Groups",2766,"Guangzhou",2014,1,17,106.7,159,63,"2014-01-17"
"636",636,"Moderate",2767,"Shanghai",2014,1,17,94.1,189,59,"2014-01-17"
"637",637,"Unhealthy",2768,"Shenyang",2014,1,17,151.8,282,104,"2014-01-17"
"638",638,"Moderate",2778,"Beijing",2014,2,17,75.8,142,41,"2014-02-17"
"639",639,"Moderate",2779,"Chengdu",2014,2,17,99.1,142,61,"2014-02-17"
"640",640,"Unhealthy for Sensitive Groups",2780,"Guangzhou",2014,2,17,138.4,203,91,"2014-02-17"
"641",641,"Good",2781,"Shanghai",2014,2,17,33.1,60,16,"2014-02-17"
"642",642,"Moderate",2782,"Shenyang",2014,2,17,88.3,119,29,"2014-02-17"
"643",643,"Moderate",2793,"Beijing",2014,3,17,85.8,191,17,"2014-03-17"
"644",644,"Unhealthy for Sensitive Groups",2794,"Chengdu",2014,3,17,129.7,197,83,"2014-03-17"
"645",645,"Unhealthy for Sensitive Groups",2795,"Guangzhou",2014,3,17,113.3,179,61,"2014-03-17"
"646",646,"Moderate",2796,"Shanghai",2014,3,17,74.7,135,49,"2014-03-17"
"647",647,"Moderate",2797,"Shenyang",2014,3,17,90.8,164,37,"2014-03-17"
"648",648,"Unhealthy for Sensitive Groups",2808,"Beijing",2014,4,17,118.8,152,93,"2014-04-17"
"649",649,"Moderate",2809,"Chengdu",2014,4,17,63.2,140,34,"2014-04-17"
"650",650,"Good",2810,"Guangzhou",2014,4,17,47.5,72,14,"2014-04-17"
"651",651,"Unhealthy for Sensitive Groups",2811,"Shanghai",2014,4,17,129.4,201,76,"2014-04-17"
"652",652,"Moderate",2812,"Shenyang",2014,4,17,59.2,111,27,"2014-04-17"
"653",653,"Moderate",2823,"Beijing",2014,5,17,67.7,109,21,"2014-05-17"
"654",654,"Unhealthy for Sensitive Groups",2824,"Chengdu",2014,5,17,111.4,166,66,"2014-05-17"
"655",655,"Good",2825,"Guangzhou",2014,5,17,19.5,45,6,"2014-05-17"
"656",656,"Moderate",2826,"Shanghai",2014,5,17,57,101,21,"2014-05-17"
"657",657,"Moderate",2827,"Shenyang",2014,5,17,53.6,99,22,"2014-05-17"
"658",658,"Moderate",2840,"Beijing",2014,6,17,75.9,225,13,"2014-06-17"
"659",659,"Moderate",2841,"Chengdu",2014,6,17,59.4,87,37,"2014-06-17"
"660",660,"Moderate",2842,"Guangzhou",2014,6,17,58.2,341,3,"2014-06-17"
"661",661,"Good",2843,"Shanghai",2014,6,17,42.6,60,22,"2014-06-17"
"662",662,"Moderate",2844,"Shenyang",2014,6,17,97.5,230,50,"2014-06-17"
"663",663,"Unhealthy for Sensitive Groups",2858,"Beijing",2014,7,17,146.8,220,82,"2014-07-17"
"664",664,"Moderate",2859,"Chengdu",2014,7,17,71.1,134,27,"2014-07-17"
"665",665,"Good",2860,"Guangzhou",2014,7,17,16.7,32,6,"2014-07-17"
"666",666,"Good",2861,"Shanghai",2014,7,17,15.2,28,3,"2014-07-17"
"667",667,"Good",2862,"Shenyang",2014,7,17,42.2,72,10,"2014-07-17"
"668",668,"Good",2875,"Beijing",2014,8,17,48.1,209,19,"2014-08-17"
"669",669,"Moderate",2876,"Chengdu",2014,8,17,80.4,105,41,"2014-08-17"
"670",670,"Good",2877,"Guangzhou",2014,8,17,30.4,45,12,"2014-08-17"
"671",671,"Good",2878,"Shanghai",2014,8,17,15.5,28,1,"2014-08-17"
"672",672,"Moderate",2879,"Shenyang",2014,8,17,71.1,98,32,"2014-08-17"
"673",673,"Moderate",2938,"Beijing",2014,1,18,76.8,184,14,"2014-01-18"
"674",674,"Very Unhealthy",2939,"Chengdu",2014,1,18,211.7,304,139,"2014-01-18"
"675",675,"Moderate",2940,"Guangzhou",2014,1,18,65.2,92,53,"2014-01-18"
"676",676,"Unhealthy",2941,"Shanghai",2014,1,18,151.1,203,76,"2014-01-18"
"677",677,"Moderate",2942,"Shenyang",2014,1,18,84,152,48,"2014-01-18"
"678",678,"Moderate",2952,"Beijing",2014,2,18,70.3,123,27,"2014-02-18"
"679",679,"Moderate",2953,"Chengdu",2014,2,18,80.8,107,66,"2014-02-18"
"680",680,"Good",2954,"Guangzhou",2014,2,18,40.9,139,5,"2014-02-18"
"681",681,"Good",2955,"Shanghai",2014,2,18,25.6,40,16,"2014-02-18"
"682",682,"Moderate",2956,"Shenyang",2014,2,18,56.3,89,35,"2014-02-18"
"683",683,"Good",2966,"Beijing",2014,3,18,40.4,79,13,"2014-03-18"
"684",684,"Unhealthy for Sensitive Groups",2967,"Chengdu",2014,3,18,124.8,155,70,"2014-03-18"
"685",685,"Moderate",2968,"Guangzhou",2014,3,18,64.2,188,28,"2014-03-18"
"686",686,"Unhealthy for Sensitive Groups",2969,"Shanghai",2014,3,18,114.9,164,86,"2014-03-18"
"687",687,"Good",2970,"Shenyang",2014,3,18,48.5,77,27,"2014-03-18"
"688",688,"Unhealthy for Sensitive Groups",2980,"Beijing",2014,4,18,142.7,193,74,"2014-04-18"
"689",689,"Good",2981,"Chengdu",2014,4,18,38.2,66,11,"2014-04-18"
"690",690,"Moderate",2982,"Guangzhou",2014,4,18,52,54,50,"2014-04-18"
"691",691,"Moderate",2983,"Shanghai",2014,4,18,59.6,142,23,"2014-04-18"
"692",692,"Good",2984,"Shenyang",2014,4,18,34,55,12,"2014-04-18"
"693",693,"Unhealthy for Sensitive Groups",2996,"Beijing",2014,5,18,102.9,198,58,"2014-05-18"
"694",694,"Unhealthy for Sensitive Groups",2997,"Chengdu",2014,5,18,108.4,157,48,"2014-05-18"
"695",695,"Good",2998,"Guangzhou",2014,5,18,34,60,9,"2014-05-18"
"696",696,"Good",2999,"Shanghai",2014,5,18,34,45,23,"2014-05-18"
"697",697,"Moderate",3000,"Shenyang",2014,5,18,50.6,77,16,"2014-05-18"
"698",698,"Moderate",3013,"Beijing",2014,6,18,71.4,144,11,"2014-06-18"
"699",699,"Moderate",3014,"Chengdu",2014,6,18,69.4,92,49,"2014-06-18"
"700",700,"Good",3015,"Guangzhou",2014,6,18,45.5,75,9,"2014-06-18"
"701",701,"Good",3016,"Shanghai",2014,6,18,27.6,51,11,"2014-06-18"
"702",702,"Moderate",3017,"Shenyang",2014,6,18,81.7,171,1,"2014-06-18"
"703",703,"Unhealthy for Sensitive Groups",3031,"Beijing",2014,7,18,115.8,191,80,"2014-07-18"
"704",704,"Moderate",3032,"Chengdu",2014,7,18,78.4,121,46,"2014-07-18"
"705",705,"Good",3033,"Guangzhou",2014,7,18,5.5,12,1,"2014-07-18"
"706",706,"Good",3034,"Shanghai",2014,7,18,12.9,25,1,"2014-07-18"
"707",707,"Moderate",3035,"Shenyang",2014,7,18,69.5,108,33,"2014-07-18"
"708",708,"Moderate",3048,"Beijing",2014,8,18,56.5,91,26,"2014-08-18"
"709",709,"Moderate",3049,"Chengdu",2014,8,18,60.4,100,33,"2014-08-18"
"710",710,"Good",3050,"Guangzhou",2014,8,18,21.8,40,8,"2014-08-18"
"711",711,"Good",3051,"Shanghai",2014,8,18,29.7,78,3,"2014-08-18"
"712",712,"Unhealthy for Sensitive Groups",3052,"Shenyang",2014,8,18,101.5,153,57,"2014-08-18"
"713",713,"Unhealthy for Sensitive Groups",3112,"Beijing",2014,1,19,124.8,209,16,"2014-01-19"
"714",714,"Unhealthy for Sensitive Groups",3113,"Chengdu",2014,1,19,103.9,197,42,"2014-01-19"
"715",715,"Moderate",3114,"Guangzhou",2014,1,19,98.3,120,77,"2014-01-19"
"716",716,"Unhealthy for Sensitive Groups",3115,"Shanghai",2014,1,19,108.1,147,69,"2014-01-19"
"717",717,"Unhealthy for Sensitive Groups",3116,"Shenyang",2014,1,19,121,199,47,"2014-01-19"
"718",718,"Moderate",3126,"Beijing",2014,2,19,79.8,152,14,"2014-02-19"
"719",719,"Moderate",3127,"Chengdu",2014,2,19,95.8,140,77,"2014-02-19"
"720",720,"Good",3128,"Guangzhou",2014,2,19,21.9,83,10,"2014-02-19"
"721",721,"Moderate",3129,"Shanghai",2014,2,19,68.2,141,19,"2014-02-19"
"722",722,"Moderate",3130,"Shenyang",2014,2,19,62.1,95,30,"2014-02-19"
"723",723,"Moderate",3140,"Beijing",2014,3,19,58.7,96,10,"2014-03-19"
"724",724,"Unhealthy for Sensitive Groups",3141,"Chengdu",2014,3,19,126.8,218,56,"2014-03-19"
"725",725,"Moderate",3142,"Guangzhou",2014,3,19,54.3,69,35,"2014-03-19"
"726",726,"Moderate",3143,"Shanghai",2014,3,19,68.7,90,41,"2014-03-19"
"727",727,"Good",3144,"Shenyang",2014,3,19,49.2,93,23,"2014-03-19"
"728",728,"Moderate",3155,"Beijing",2014,4,19,64,95,40,"2014-04-19"
"729",729,"Good",3156,"Chengdu",2014,4,19,23.6,58,8,"2014-04-19"
"730",730,"Good",3157,"Shanghai",2014,4,19,26,40,14,"2014-04-19"
"731",731,"Moderate",3158,"Shenyang",2014,4,19,50.5,68,35,"2014-04-19"
"732",732,"Unhealthy for Sensitive Groups",3170,"Beijing",2014,5,19,112.9,174,61,"2014-05-19"
"733",733,"Moderate",3171,"Chengdu",2014,5,19,89.9,136,56,"2014-05-19"
"734",734,"Good",3172,"Guangzhou",2014,5,19,38.5,83,19,"2014-05-19"
"735",735,"Good",3173,"Shanghai",2014,5,19,47.9,72,26,"2014-05-19"
"736",736,"Moderate",3174,"Shenyang",2014,5,19,61.4,135,37,"2014-05-19"
"737",737,"Unhealthy for Sensitive Groups",3187,"Beijing",2014,6,19,123.8,200,65,"2014-06-19"
"738",738,"Moderate",3188,"Chengdu",2014,6,19,56.2,115,24,"2014-06-19"
"739",739,"Good",3189,"Guangzhou",2014,6,19,46.6,86,20,"2014-06-19"
"740",740,"Good",3190,"Shanghai",2014,6,19,36.4,50,23,"2014-06-19"
"741",741,"Good",3191,"Shenyang",2014,6,19,48.9,75,20,"2014-06-19"
"742",742,"Moderate",3205,"Beijing",2014,7,19,61.2,81,38,"2014-07-19"
"743",743,"Good",3206,"Chengdu",2014,7,19,46.8,85,15,"2014-07-19"
"744",744,"Good",3207,"Guangzhou",2014,7,19,9.6,18,1,"2014-07-19"
"745",745,"Good",3208,"Shanghai",2014,7,19,17.3,40,2,"2014-07-19"
"746",746,"Unhealthy for Sensitive Groups",3209,"Shenyang",2014,7,19,102.7,143,57,"2014-07-19"
"747",747,"Moderate",3221,"Beijing",2014,8,19,77.2,123,13,"2014-08-19"
"748",748,"Moderate",3222,"Chengdu",2014,8,19,61.7,83,41,"2014-08-19"
"749",749,"Good",3223,"Guangzhou",2014,8,19,18,29,9,"2014-08-19"
"750",750,"Good",3224,"Shanghai",2014,8,19,11.8,25,3,"2014-08-19"
"751",751,"Moderate",3225,"Shenyang",2014,8,19,59.9,104,27,"2014-08-19"
"752",752,"Good",3285,"Beijing",2014,1,20,10.2,17,7,"2014-01-20"
"753",753,"Moderate",3286,"Chengdu",2014,1,20,53.1,96,33,"2014-01-20"
"754",754,"Moderate",3287,"Guangzhou",2014,1,20,92.8,117,76,"2014-01-20"
"755",755,"Unhealthy",3288,"Shanghai",2014,1,20,166.7,247,51,"2014-01-20"
"756",756,"Moderate",3289,"Shenyang",2014,1,20,95.8,126,55,"2014-01-20"
"757",757,"Very Unhealthy",3299,"Beijing",2014,2,20,271,448,152,"2014-02-20"
"758",758,"Unhealthy for Sensitive Groups",3300,"Chengdu",2014,2,20,149.2,181,106,"2014-02-20"
"759",759,"Good",3301,"Guangzhou",2014,2,20,43.7,95,19,"2014-02-20"
"760",760,"Unhealthy for Sensitive Groups",3302,"Shanghai",2014,2,20,117.1,151,35,"2014-02-20"
"761",761,"Moderate",3303,"Shenyang",2014,2,20,90.1,170,47,"2014-02-20"
"762",762,"Good",3312,"Beijing",2014,3,20,10.2,18,5,"2014-03-20"
"763",763,"Good",3313,"Chengdu",2014,3,20,46.2,61,21,"2014-03-20"
"764",764,"Moderate",3314,"Guangzhou",2014,3,20,69.4,135,26,"2014-03-20"
"765",765,"Moderate",3315,"Shanghai",2014,3,20,62.3,106,28,"2014-03-20"
"766",766,"Good",3316,"Shenyang",2014,3,20,28.2,60,7,"2014-03-20"
"767",767,"Moderate",3328,"Beijing",2014,4,20,68.2,128,17,"2014-04-20"
"768",768,"Moderate",3329,"Chengdu",2014,4,20,50.5,72,33,"2014-04-20"
"769",769,"Good",3330,"Shanghai",2014,4,20,38.8,54,26,"2014-04-20"
"770",770,"Good",3331,"Shenyang",2014,4,20,46.8,105,18,"2014-04-20"
"771",771,"Moderate",3342,"Beijing",2014,5,20,85.9,215,14,"2014-05-20"
"772",772,"Moderate",3343,"Chengdu",2014,5,20,78.4,109,47,"2014-05-20"
"773",773,"Good",3344,"Guangzhou",2014,5,20,46.7,103,8,"2014-05-20"
"774",774,"Moderate",3345,"Shanghai",2014,5,20,69.5,111,31,"2014-05-20"
"775",775,"Moderate",3346,"Shenyang",2014,5,20,71.3,128,27,"2014-05-20"
"776",776,"Good",3359,"Beijing",2014,6,20,45.9,94,10,"2014-06-20"
"777",777,"Good",3360,"Chengdu",2014,6,20,34.1,61,13,"2014-06-20"
"778",778,"Good",3361,"Guangzhou",2014,6,20,47.9,109,8,"2014-06-20"
"779",779,"Good",3362,"Shanghai",2014,6,20,31.9,59,12,"2014-06-20"
"780",780,"Moderate",3363,"Shenyang",2014,6,20,62.3,95,24,"2014-06-20"
"781",781,"Moderate",3377,"Beijing",2014,7,20,60.5,87,46,"2014-07-20"
"782",782,"Moderate",3378,"Chengdu",2014,7,20,54.7,76,20,"2014-07-20"
"783",783,"Good",3379,"Guangzhou",2014,7,20,21.4,41,4,"2014-07-20"
"784",784,"Good",3380,"Shanghai",2014,7,20,18.4,31,8,"2014-07-20"
"785",785,"Moderate",3381,"Shenyang",2014,7,20,76.1,100,39,"2014-07-20"
"786",786,"Moderate",3393,"Beijing",2014,8,20,91.9,115,68,"2014-08-20"
"787",787,"Moderate",3394,"Chengdu",2014,8,20,75.6,130,48,"2014-08-20"
"788",788,"Good",3395,"Guangzhou",2014,8,20,19.2,41,6,"2014-08-20"
"789",789,"Good",3396,"Shanghai",2014,8,20,15,36,4,"2014-08-20"
"790",790,"Moderate",3397,"Shenyang",2014,8,20,82.6,149,31,"2014-08-20"
"791",791,"Good",3457,"Beijing",2014,1,21,47.2,127,10,"2014-01-21"
"792",792,"Unhealthy for Sensitive Groups",3458,"Chengdu",2014,1,21,101.8,137,70,"2014-01-21"
"793",793,"Moderate",3459,"Guangzhou",2014,1,21,62.8,83,20,"2014-01-21"
"794",794,"Good",3460,"Shanghai",2014,1,21,45.7,74,23,"2014-01-21"
"795",795,"Unhealthy for Sensitive Groups",3461,"Shenyang",2014,1,21,123.5,182,54,"2014-01-21"
"796",796,"Hazardous",3471,"Beijing",2014,2,21,330.4,398,247,"2014-02-21"
"797",797,"Unhealthy for Sensitive Groups",3472,"Chengdu",2014,2,21,147.4,209,112,"2014-02-21"
"798",798,"Moderate",3473,"Guangzhou",2014,2,21,71.5,104,45,"2014-02-21"
"799",799,"Moderate",3474,"Shanghai",2014,2,21,85.1,111,39,"2014-02-21"
"800",800,"Unhealthy",3475,"Shenyang",2014,2,21,190.8,242,149,"2014-02-21"
"801",801,"Good",3485,"Beijing",2014,3,21,28.6,71,5,"2014-03-21"
"802",802,"Good",3486,"Chengdu",2014,3,21,39,63,21,"2014-03-21"
"803",803,"Moderate",3487,"Guangzhou",2014,3,21,57.6,100,39,"2014-03-21"
"804",804,"Good",3488,"Shanghai",2014,3,21,28.8,39,18,"2014-03-21"
"805",805,"Moderate",3489,"Shenyang",2014,3,21,87.3,156,30,"2014-03-21"
"806",806,"Moderate",3501,"Beijing",2014,4,21,50.8,91,23,"2014-04-21"
"807",807,"Good",3502,"Chengdu",2014,4,21,32.5,46,15,"2014-04-21"
"808",808,"Good",3503,"Shanghai",2014,4,21,45.8,60,31,"2014-04-21"
"809",809,"Moderate",3504,"Shenyang",2014,4,21,66.8,167,17,"2014-04-21"
"810",810,"Unhealthy for Sensitive Groups",3516,"Beijing",2014,5,21,102,150,62,"2014-05-21"
"811",811,"Moderate",3517,"Chengdu",2014,5,21,95.3,119,77,"2014-05-21"
"812",812,"Good",3518,"Guangzhou",2014,5,21,37.5,87,12,"2014-05-21"
"813",813,"Moderate",3519,"Shanghai",2014,5,21,97.8,147,43,"2014-05-21"
"814",814,"Moderate",3520,"Shenyang",2014,5,21,88.8,152,40,"2014-05-21"
"815",815,"Moderate",3533,"Beijing",2014,6,21,54.5,76,15,"2014-06-21"
"816",816,"Good",3534,"Chengdu",2014,6,21,43.2,57,25,"2014-06-21"
"817",817,"Moderate",3535,"Guangzhou",2014,6,21,68.7,223,9,"2014-06-21"
"818",818,"Good",3536,"Shanghai",2014,6,21,29.1,73,11,"2014-06-21"
"819",819,"Unhealthy for Sensitive Groups",3537,"Shenyang",2014,6,21,104.3,597,30,"2014-06-21"
"820",820,"Good",3551,"Beijing",2014,7,21,24.9,60,6,"2014-07-21"
"821",821,"Moderate",3552,"Chengdu",2014,7,21,61.4,123,29,"2014-07-21"
"822",822,"Good",3553,"Guangzhou",2014,7,21,41.5,71,12,"2014-07-21"
"823",823,"Good",3554,"Shanghai",2014,7,21,14.5,24,3,"2014-07-21"
"824",824,"Good",3555,"Shenyang",2014,7,21,43.9,65,4,"2014-07-21"
"825",825,"Unhealthy for Sensitive Groups",3568,"Beijing",2014,8,21,117.5,173,19,"2014-08-21"
"826",826,"Moderate",3569,"Chengdu",2014,8,21,62.2,101,32,"2014-08-21"
"827",827,"Good",3570,"Guangzhou",2014,8,21,32.4,63,9,"2014-08-21"
"828",828,"Good",3571,"Shanghai",2014,8,21,46.5,78,15,"2014-08-21"
"829",829,"Unhealthy for Sensitive Groups",3572,"Shenyang",2014,8,21,107.1,162,69,"2014-08-21"
"830",830,"Unhealthy",3633,"Beijing",2014,1,22,163,324,97,"2014-01-22"
"831",831,"Unhealthy",3634,"Chengdu",2014,1,22,164.6,262,86,"2014-01-22"
"832",832,"Good",3635,"Guangzhou",2014,1,22,49.4,76,29,"2014-01-22"
"833",833,"Moderate",3636,"Shanghai",2014,1,22,51.7,76,36,"2014-01-22"
"834",834,"Unhealthy for Sensitive Groups",3637,"Shenyang",2014,1,22,132.4,226,70,"2014-01-22"
"835",835,"Hazardous",3647,"Beijing",2014,2,22,335.5,399,283,"2014-02-22"
"836",836,"Unhealthy",3648,"Chengdu",2014,2,22,166.8,195,115,"2014-02-22"
"837",837,"Moderate",3649,"Guangzhou",2014,2,22,68,102,42,"2014-02-22"
"838",838,"Moderate",3650,"Shanghai",2014,2,22,54.6,87,41,"2014-02-22"
"839",839,"Unhealthy for Sensitive Groups",3651,"Shenyang",2014,2,22,122.8,186,39,"2014-02-22"
"840",840,"Moderate",3661,"Beijing",2014,3,22,66.1,163,11,"2014-03-22"
"841",841,"Moderate",3662,"Chengdu",2014,3,22,51.3,70,29,"2014-03-22"
"842",842,"Moderate",3663,"Guangzhou",2014,3,22,62.8,135,27,"2014-03-22"
"843",843,"Good",3664,"Shanghai",2014,3,22,42.5,57,29,"2014-03-22"
"844",844,"Moderate",3665,"Shenyang",2014,3,22,90.4,133,48,"2014-03-22"
"845",845,"Moderate",3678,"Beijing",2014,4,22,77.4,170,36,"2014-04-22"
"846",846,"Good",3679,"Chengdu",2014,4,22,35.6,60,23,"2014-04-22"
"847",847,"Moderate",3680,"Shanghai",2014,4,22,55,108,28,"2014-04-22"
"848",848,"Moderate",3681,"Shenyang",2014,4,22,60.3,101,26,"2014-04-22"
"849",849,"Unhealthy for Sensitive Groups",3694,"Beijing",2014,5,22,136.5,259,38,"2014-05-22"
"850",850,"Moderate",3695,"Chengdu",2014,5,22,88.2,111,39,"2014-05-22"
"851",851,"Good",3696,"Guangzhou",2014,5,22,25.5,51,9,"2014-05-22"
"852",852,"Moderate",3697,"Shanghai",2014,5,22,62.8,114,23,"2014-05-22"
"853",853,"Moderate",3698,"Shenyang",2014,5,22,89.7,174,26,"2014-05-22"
"854",854,"Good",3711,"Beijing",2014,6,22,33.8,51,13,"2014-06-22"
"855",855,"Good",3712,"Chengdu",2014,6,22,41.2,76,23,"2014-06-22"
"856",856,"Moderate",3713,"Guangzhou",2014,6,22,65,108,25,"2014-06-22"
"857",857,"Good",3714,"Shanghai",2014,6,22,22.1,34,10,"2014-06-22"
"858",858,"Moderate",3715,"Shenyang",2014,6,22,52.6,229,2,"2014-06-22"
"859",859,"Good",3729,"Beijing",2014,7,22,14.8,21,6,"2014-07-22"
"860",860,"Good",3730,"Chengdu",2014,7,22,47.5,71,25,"2014-07-22"
"861",861,"Moderate",3731,"Guangzhou",2014,7,22,55.8,81,40,"2014-07-22"
"862",862,"Good",3732,"Shanghai",2014,7,22,12,26,4,"2014-07-22"
"863",863,"Good",3733,"Shenyang",2014,7,22,17.8,50,5,"2014-07-22"
"864",864,"Moderate",3746,"Beijing",2014,8,22,58.2,124,18,"2014-08-22"
"865",865,"Moderate",3747,"Chengdu",2014,8,22,55.4,78,34,"2014-08-22"
"866",866,"Good",3748,"Guangzhou",2014,8,22,32.5,65,15,"2014-08-22"
"867",867,"Good",3749,"Shanghai",2014,8,22,29.7,45,16,"2014-08-22"
"868",868,"Unhealthy for Sensitive Groups",3750,"Shenyang",2014,8,22,150,269,8,"2014-08-22"
"869",869,"Very Unhealthy",3810,"Beijing",2014,1,23,288.4,366,219,"2014-01-23"
"870",870,"Very Unhealthy",3811,"Chengdu",2014,1,23,219.7,267,145,"2014-01-23"
"871",871,"Moderate",3812,"Guangzhou",2014,1,23,87.8,116,72,"2014-01-23"
"872",872,"Good",3813,"Shanghai",2014,1,23,40.1,58,27,"2014-01-23"
"873",873,"Moderate",3814,"Shenyang",2014,1,23,74.3,92,58,"2014-01-23"
"874",874,"Very Unhealthy",3824,"Beijing",2014,2,23,296,362,228,"2014-02-23"
"875",875,"Unhealthy",3825,"Chengdu",2014,2,23,157.9,202,115,"2014-02-23"
"876",876,"Moderate",3826,"Guangzhou",2014,2,23,65.3,101,48,"2014-02-23"
"877",877,"Moderate",3827,"Shanghai",2014,2,23,82.4,106,65,"2014-02-23"
"878",878,"Unhealthy",3828,"Shenyang",2014,2,23,166.9,251,126,"2014-02-23"
"879",879,"Unhealthy",3838,"Beijing",2014,3,23,158.7,249,96,"2014-03-23"
"880",880,"Moderate",3839,"Chengdu",2014,3,23,72.8,101,53,"2014-03-23"
"881",881,"Moderate",3840,"Guangzhou",2014,3,23,77,114,35,"2014-03-23"
"882",882,"Good",3841,"Shanghai",2014,3,23,31.9,41,20,"2014-03-23"
"883",883,"Unhealthy for Sensitive Groups",3842,"Shenyang",2014,3,23,126.4,243,57,"2014-03-23"
"884",884,"Unhealthy for Sensitive Groups",3855,"Beijing",2014,4,23,121.2,185,71,"2014-04-23"
"885",885,"Moderate",3856,"Chengdu",2014,4,23,75,132,33,"2014-04-23"
"886",886,"Moderate",3857,"Guangzhou",2014,4,23,55,55,55,"2014-04-23"
"887",887,"Moderate",3858,"Shanghai",2014,4,23,62.5,98,27,"2014-04-23"
"888",888,"Unhealthy for Sensitive Groups",3859,"Shenyang",2014,4,23,116.4,398,50,"2014-04-23"
"889",889,"Moderate",3872,"Beijing",2014,5,23,80.9,110,46,"2014-05-23"
"890",890,"Moderate",3873,"Chengdu",2014,5,23,90.5,134,48,"2014-05-23"
"891",891,"Good",3874,"Guangzhou",2014,5,23,48.5,82,24,"2014-05-23"
"892",892,"Good",3875,"Shanghai",2014,5,23,27.8,38,20,"2014-05-23"
"893",893,"Moderate",3876,"Shenyang",2014,5,23,81.3,106,62,"2014-05-23"
"894",894,"Good",3889,"Beijing",2014,6,23,23,43,8,"2014-06-23"
"895",895,"Moderate",3890,"Chengdu",2014,6,23,52.8,72,25,"2014-06-23"
"896",896,"Good",3891,"Guangzhou",2014,6,23,45.7,92,14,"2014-06-23"
"897",897,"Good",3892,"Shanghai",2014,6,23,32.9,48,21,"2014-06-23"
"898",898,"Moderate",3893,"Shenyang",2014,6,23,70,462,24,"2014-06-23"
"899",899,"Good",3907,"Beijing",2014,7,23,24.8,46,12,"2014-07-23"
"900",900,"Good",3908,"Chengdu",2014,7,23,35.3,57,11,"2014-07-23"
"901",901,"Moderate",3909,"Guangzhou",2014,7,23,52.4,67,36,"2014-07-23"
"902",902,"Good",3910,"Shanghai",2014,7,23,11.7,25,1,"2014-07-23"
"903",903,"Good",3911,"Shenyang",2014,7,23,34.3,68,1,"2014-07-23"
"904",904,"Unhealthy for Sensitive Groups",3925,"Beijing",2014,8,23,117.8,171,26,"2014-08-23"
"905",905,"Moderate",3926,"Chengdu",2014,8,23,57.9,99,33,"2014-08-23"
"906",906,"Good",3927,"Guangzhou",2014,8,23,26.8,44,14,"2014-08-23"
"907",907,"Good",3928,"Shanghai",2014,8,23,40.3,59,20,"2014-08-23"
"908",908,"Moderate",3929,"Shenyang",2014,8,23,73,150,17,"2014-08-23"
"909",909,"Unhealthy",3988,"Beijing",2014,1,24,152.4,316,25,"2014-01-24"
"910",910,"Unhealthy",3989,"Chengdu",2014,1,24,184.4,251,115,"2014-01-24"
"911",911,"Moderate",3990,"Guangzhou",2014,1,24,56.4,85,27,"2014-01-24"
"912",912,"Good",3991,"Shanghai",2014,1,24,32.8,42,22,"2014-01-24"
"913",913,"Unhealthy for Sensitive Groups",3992,"Shenyang",2014,1,24,112.8,175,67,"2014-01-24"
"914",914,"Hazardous",4002,"Beijing",2014,2,24,352.6,425,323,"2014-02-24"
"915",915,"Unhealthy for Sensitive Groups",4003,"Chengdu",2014,2,24,126.8,162,91,"2014-02-24"
"916",916,"Moderate",4004,"Guangzhou",2014,2,24,53.6,72,25,"2014-02-24"
"917",917,"Moderate",4005,"Shanghai",2014,2,24,75.3,101,39,"2014-02-24"
"918",918,"Very Unhealthy",4006,"Shenyang",2014,2,24,227.2,286,186,"2014-02-24"
"919",919,"Very Unhealthy",4016,"Beijing",2014,3,24,245.7,290,167,"2014-03-24"
"920",920,"Moderate",4017,"Chengdu",2014,3,24,98.3,128,72,"2014-03-24"
"921",921,"Moderate",4018,"Guangzhou",2014,3,24,54.4,88,32,"2014-03-24"
"922",922,"Good",4019,"Shanghai",2014,3,24,36.1,48,23,"2014-03-24"
"923",923,"Unhealthy for Sensitive Groups",4020,"Shenyang",2014,3,24,100.7,174,47,"2014-03-24"
"924",924,"Unhealthy for Sensitive Groups",4033,"Beijing",2014,4,24,113.7,140,76,"2014-04-24"
"925",925,"Moderate",4034,"Chengdu",2014,4,24,98.8,136,41,"2014-04-24"
"926",926,"Good",4035,"Shanghai",2014,4,24,49.4,76,29,"2014-04-24"
"927",927,"Moderate",4036,"Shenyang",2014,4,24,100,139,46,"2014-04-24"
"928",928,"Moderate",4049,"Beijing",2014,5,24,89.6,104,78,"2014-05-24"
"929",929,"Moderate",4050,"Chengdu",2014,5,24,62.8,106,44,"2014-05-24"
"930",930,"Good",4051,"Guangzhou",2014,5,24,38,70,13,"2014-05-24"
"931",931,"Good",4052,"Shanghai",2014,5,24,27.1,34,17,"2014-05-24"
"932",932,"Moderate",4053,"Shenyang",2014,5,24,63,177,2,"2014-05-24"
"933",933,"Moderate",4067,"Beijing",2014,6,24,54.1,68,37,"2014-06-24"
"934",934,"Good",4068,"Chengdu",2014,6,24,46.5,83,21,"2014-06-24"
"935",935,"Good",4069,"Guangzhou",2014,6,24,43.7,69,8,"2014-06-24"
"936",936,"Good",4070,"Shanghai",2014,6,24,40.9,52,19,"2014-06-24"
"937",937,"Moderate",4071,"Shenyang",2014,6,24,53.3,111,6,"2014-06-24"
"938",938,"Moderate",4085,"Beijing",2014,7,24,70,136,24,"2014-07-24"
"939",939,"Good",4086,"Chengdu",2014,7,24,25.4,38,15,"2014-07-24"
"940",940,"Good",4087,"Guangzhou",2014,7,24,42.7,65,17,"2014-07-24"
"941",941,"Good",4088,"Shanghai",2014,7,24,17.4,22,11,"2014-07-24"
"942",942,"Good",4089,"Shenyang",2014,7,24,40.7,77,9,"2014-07-24"
"943",943,"Good",4103,"Beijing",2014,8,24,19.8,46,3,"2014-08-24"
"944",944,"Moderate",4104,"Chengdu",2014,8,24,64.7,107,40,"2014-08-24"
"945",945,"Good",4105,"Guangzhou",2014,8,24,17.1,32,6,"2014-08-24"
"946",946,"Good",4106,"Shanghai",2014,8,24,49.6,83,11,"2014-08-24"
"947",947,"Good",4107,"Shenyang",2014,8,24,47.1,72,17,"2014-08-24"
"948",948,"Good",4165,"Beijing",2014,1,25,33.7,71,14,"2014-01-25"
"949",949,"Unhealthy",4166,"Chengdu",2014,1,25,178.6,235,122,"2014-01-25"
"950",950,"Moderate",4167,"Guangzhou",2014,1,25,69.1,126,33,"2014-01-25"
"951",951,"Moderate",4168,"Shanghai",2014,1,25,95.6,243,23,"2014-01-25"
"952",952,"Moderate",4169,"Shenyang",2014,1,25,82,226,15,"2014-01-25"
"953",953,"Hazardous",4179,"Beijing",2014,2,25,449.8,577,369,"2014-02-25"
"954",954,"Unhealthy for Sensitive Groups",4180,"Chengdu",2014,2,25,108,135,83,"2014-02-25"
"955",955,"Good",4181,"Guangzhou",2014,2,25,45.4,67,32,"2014-02-25"
"956",956,"Good",4182,"Shanghai",2014,2,25,21.9,42,12,"2014-02-25"
"957",957,"Very Unhealthy",4183,"Shenyang",2014,2,25,208.3,239,167,"2014-02-25"
"958",958,"Very Unhealthy",4193,"Beijing",2014,3,25,224.2,326,147,"2014-03-25"
"959",959,"Unhealthy for Sensitive Groups",4194,"Chengdu",2014,3,25,128.1,157,95,"2014-03-25"
"960",960,"Moderate",4195,"Guangzhou",2014,3,25,56,137,32,"2014-03-25"
"961",961,"Moderate",4196,"Shanghai",2014,3,25,60.2,106,37,"2014-03-25"
"962",962,"Unhealthy for Sensitive Groups",4197,"Shenyang",2014,3,25,125.6,206,58,"2014-03-25"
"963",963,"Unhealthy for Sensitive Groups",4210,"Beijing",2014,4,25,121,177,27,"2014-04-25"
"964",964,"Moderate",4211,"Chengdu",2014,4,25,80.8,132,23,"2014-04-25"
"965",965,"Good",4212,"Shanghai",2014,4,25,29.4,34,22,"2014-04-25"
"966",966,"Moderate",4213,"Shenyang",2014,4,25,67.9,296,15,"2014-04-25"
"967",967,"Moderate",4226,"Beijing",2014,5,25,71.4,160,7,"2014-05-25"
"968",968,"Moderate",4227,"Chengdu",2014,5,25,73.5,102,34,"2014-05-25"
"969",969,"Good",4228,"Guangzhou",2014,5,25,22.5,31,15,"2014-05-25"
"970",970,"Moderate",4229,"Shanghai",2014,5,25,76.3,176,19,"2014-05-25"
"971",971,"Good",4230,"Shenyang",2014,5,25,36,144,3,"2014-05-25"
"972",972,"Moderate",4244,"Beijing",2014,6,25,97.2,159,54,"2014-06-25"
"973",973,"Good",4245,"Chengdu",2014,6,25,46.8,64,29,"2014-06-25"
"974",974,"Moderate",4246,"Guangzhou",2014,6,25,64.4,123,27,"2014-06-25"
"975",975,"Good",4247,"Shanghai",2014,6,25,20.8,32,8,"2014-06-25"
"976",976,"Moderate",4248,"Shenyang",2014,6,25,53.6,109,28,"2014-06-25"
"977",977,"Moderate",4262,"Beijing",2014,7,25,73.2,160,27,"2014-07-25"
"978",978,"Good",4263,"Chengdu",2014,7,25,41.8,102,25,"2014-07-25"
"979",979,"Good",4264,"Guangzhou",2014,7,25,33,67,9,"2014-07-25"
"980",980,"Good",4265,"Shanghai",2014,7,25,32.3,90,3,"2014-07-25"
"981",981,"Moderate",4266,"Shenyang",2014,7,25,59.1,77,43,"2014-07-25"
"982",982,"Good",4280,"Beijing",2014,8,25,15.8,30,6,"2014-08-25"
"983",983,"Moderate",4281,"Chengdu",2014,8,25,76.4,113,50,"2014-08-25"
"984",984,"Good",4282,"Guangzhou",2014,8,25,19.5,34,3,"2014-08-25"
"985",985,"Moderate",4283,"Shanghai",2014,8,25,56.2,98,6,"2014-08-25"
"986",986,"Good",4284,"Shenyang",2014,8,25,31.8,74,2,"2014-08-25"
"987",987,"Moderate",4342,"Beijing",2014,1,26,59,139,23,"2014-01-26"
"988",988,"Very Unhealthy",4343,"Chengdu",2014,1,26,201.4,264,136,"2014-01-26"
"989",989,"Moderate",4344,"Guangzhou",2014,1,26,74.4,103,49,"2014-01-26"
"990",990,"Good",4345,"Shanghai",2014,1,26,29.5,89,16,"2014-01-26"
"991",991,"Moderate",4346,"Shenyang",2014,1,26,63.9,139,33,"2014-01-26"
"992",992,"Hazardous",4356,"Beijing",2014,2,26,386.4,562,27,"2014-02-26"
"993",993,"Moderate",4357,"Chengdu",2014,2,26,85.4,148,20,"2014-02-26"
"994",994,"Moderate",4358,"Guangzhou",2014,2,26,64.6,122,35,"2014-02-26"
"995",995,"Moderate",4359,"Shanghai",2014,2,26,53.8,113,17,"2014-02-26"
"996",996,"Unhealthy for Sensitive Groups",4360,"Shenyang",2014,2,26,120.3,159,73,"2014-02-26"
"997",997,"Hazardous",4370,"Beijing",2014,3,26,317.9,465,201,"2014-03-26"
"998",998,"Unhealthy",4371,"Chengdu",2014,3,26,159.2,262,97,"2014-03-26"
"999",999,"Moderate",4372,"Guangzhou",2014,3,26,61.5,78,42,"2014-03-26"
"1000",1000,"Moderate",4373,"Shanghai",2014,3,26,78.4,100,50,"2014-03-26"
"1001",1001,"Unhealthy",4374,"Shenyang",2014,3,26,172.4,226,132,"2014-03-26"
"1002",1002,"Good",4387,"Beijing",2014,4,26,39.5,61,21,"2014-04-26"
"1003",1003,"Moderate",4388,"Chengdu",2014,4,26,95.2,125,61,"2014-04-26"
"1004",1004,"Good",4389,"Shanghai",2014,4,26,20.2,27,10,"2014-04-26"
"1005",1005,"Good",4390,"Shenyang",2014,4,26,42.7,59,32,"2014-04-26"
"1006",1006,"Good",4403,"Beijing",2014,5,26,20.4,31,8,"2014-05-26"
"1007",1007,"Moderate",4404,"Chengdu",2014,5,26,63.4,93,44,"2014-05-26"
"1008",1008,"Good",4405,"Guangzhou",2014,5,26,32.8,67,5,"2014-05-26"
"1009",1009,"Unhealthy for Sensitive Groups",4406,"Shanghai",2014,5,26,104,148,73,"2014-05-26"
"1010",1010,"Good",4407,"Shenyang",2014,5,26,29.6,120,4,"2014-05-26"
"1011",1011,"Unhealthy for Sensitive Groups",4421,"Beijing",2014,6,26,116.8,199,61,"2014-06-26"
"1012",1012,"Good",4422,"Chengdu",2014,6,26,47.8,72,20,"2014-06-26"
"1013",1013,"Good",4423,"Guangzhou",2014,6,26,30.1,92,8,"2014-06-26"
"1014",1014,"Good",4424,"Shanghai",2014,6,26,16.5,39,5,"2014-06-26"
"1015",1015,"Good",4425,"Shenyang",2014,6,26,42.3,59,12,"2014-06-26"
"1016",1016,"Moderate",4439,"Beijing",2014,7,26,93,149,57,"2014-07-26"
"1017",1017,"Moderate",4440,"Chengdu",2014,7,26,52,90,30,"2014-07-26"
"1018",1018,"Good",4441,"Guangzhou",2014,7,26,16.8,30,5,"2014-07-26"
"1019",1019,"Moderate",4442,"Shanghai",2014,7,26,72.8,93,57,"2014-07-26"
"1020",1020,"Unhealthy for Sensitive Groups",4443,"Shenyang",2014,7,26,127.5,165,66,"2014-07-26"
"1021",1021,"Good",4457,"Beijing",2014,8,26,23.3,57,6,"2014-08-26"
"1022",1022,"Moderate",4458,"Chengdu",2014,8,26,51.5,153,19,"2014-08-26"
"1023",1023,"Good",4459,"Guangzhou",2014,8,26,26.8,64,5,"2014-08-26"
"1024",1024,"Good",4460,"Shanghai",2014,8,26,44.6,95,20,"2014-08-26"
"1025",1025,"Good",4461,"Shenyang",2014,8,26,45.5,103,8,"2014-08-26"
"1026",1026,"Moderate",4518,"Beijing",2014,1,27,96.2,167,10,"2014-01-27"
"1027",1027,"Very Unhealthy",4519,"Chengdu",2014,1,27,281.5,334,206,"2014-01-27"
"1028",1028,"Moderate",4520,"Guangzhou",2014,1,27,90.5,114,67,"2014-01-27"
"1029",1029,"Good",4521,"Shanghai",2014,1,27,21.2,27,13,"2014-01-27"
"1030",1030,"Good",4522,"Shenyang",2014,1,27,44,79,15,"2014-01-27"
"1031",1031,"Good",4531,"Beijing",2014,2,27,20.4,53,8,"2014-02-27"
"1032",1032,"Good",4532,"Chengdu",2014,2,27,39.8,69,14,"2014-02-27"
"1033",1033,"Good",4533,"Guangzhou",2014,2,27,41.6,65,27,"2014-02-27"
"1034",1034,"Moderate",4534,"Shanghai",2014,2,27,87,123,42,"2014-02-27"
"1035",1035,"Good",4535,"Shenyang",2014,2,27,32.5,139,13,"2014-02-27"
"1036",1036,"Very Unhealthy",4545,"Beijing",2014,3,27,257.4,444,82,"2014-03-27"
"1037",1037,"Unhealthy",4546,"Chengdu",2014,3,27,159,203,127,"2014-03-27"
"1038",1038,"Good",4547,"Guangzhou",2014,3,27,37.1,66,19,"2014-03-27"
"1039",1039,"Good",4548,"Shanghai",2014,3,27,40.3,56,23,"2014-03-27"
"1040",1040,"Unhealthy",4549,"Shenyang",2014,3,27,192.2,288,86,"2014-03-27"
"1041",1041,"Moderate",4562,"Beijing",2014,4,27,67.3,135,20,"2014-04-27"
"1042",1042,"Moderate",4563,"Chengdu",2014,4,27,57.4,101,29,"2014-04-27"
"1043",1043,"Moderate",4564,"Shanghai",2014,4,27,61.2,96,14,"2014-04-27"
"1044",1044,"Good",4565,"Shenyang",2014,4,27,39.1,83,9,"2014-04-27"
"1045",1045,"Good",4578,"Beijing",2014,5,27,29.9,102,8,"2014-05-27"
"1046",1046,"Moderate",4579,"Chengdu",2014,5,27,92.5,123,67,"2014-05-27"
"1047",1047,"Moderate",4580,"Guangzhou",2014,5,27,70.2,101,44,"2014-05-27"
"1048",1048,"Unhealthy for Sensitive Groups",4581,"Shanghai",2014,5,27,129.8,218,51,"2014-05-27"
"1049",1049,"Good",4582,"Shenyang",2014,5,27,45.7,104,9,"2014-05-27"
"1050",1050,"Good",4596,"Beijing",2014,6,27,17.2,46,4,"2014-06-27"
"1051",1051,"Moderate",4597,"Chengdu",2014,6,27,78.6,111,33,"2014-06-27"
"1052",1052,"Good",4598,"Guangzhou",2014,6,27,16.7,37,7,"2014-06-27"
"1053",1053,"Good",4599,"Shanghai",2014,6,27,18.6,35,5,"2014-06-27"
"1054",1054,"Good",4600,"Shenyang",2014,6,27,26.5,87,2,"2014-06-27"
"1055",1055,"Moderate",4614,"Beijing",2014,7,27,97.6,133,68,"2014-07-27"
"1056",1056,"Moderate",4615,"Chengdu",2014,7,27,80.8,110,50,"2014-07-27"
"1057",1057,"Good",4616,"Guangzhou",2014,7,27,8.2,16,1,"2014-07-27"
"1058",1058,"Good",4617,"Shanghai",2014,7,27,39.7,63,1,"2014-07-27"
"1059",1059,"Unhealthy for Sensitive Groups",4618,"Shenyang",2014,7,27,143.8,184,94,"2014-07-27"
"1060",1060,"Moderate",4632,"Beijing",2014,8,27,56.5,94,21,"2014-08-27"
"1061",1061,"Good",4633,"Chengdu",2014,8,27,35.5,56,17,"2014-08-27"
"1062",1062,"Good",4634,"Guangzhou",2014,8,27,12.6,22,7,"2014-08-27"
"1063",1063,"Good",4635,"Shanghai",2014,8,27,32.3,56,14,"2014-08-27"
"1064",1064,"Good",4636,"Shenyang",2014,8,27,38.5,70,11,"2014-08-27"
"1065",1065,"Good",4694,"Beijing",2014,1,28,46.6,86,9,"2014-01-28"
"1066",1066,"Very Unhealthy",4695,"Chengdu",2014,1,28,268.6,341,174,"2014-01-28"
"1067",1067,"Moderate",4696,"Guangzhou",2014,1,28,80.8,132,51,"2014-01-28"
"1068",1068,"Moderate",4697,"Shanghai",2014,1,28,54,101,18,"2014-01-28"
"1069",1069,"Good",4698,"Shenyang",2014,1,28,29.1,62,9,"2014-01-28"
"1070",1070,"Unhealthy for Sensitive Groups",4707,"Beijing",2014,2,28,102.7,179,34,"2014-02-28"
"1071",1071,"Moderate",4708,"Chengdu",2014,2,28,56.1,106,17,"2014-02-28"
"1072",1072,"Good",4709,"Guangzhou",2014,2,28,48.2,63,37,"2014-02-28"
"1073",1073,"Moderate",4710,"Shanghai",2014,2,28,79,122,30,"2014-02-28"
"1074",1074,"Moderate",4711,"Shenyang",2014,2,28,62.4,144,29,"2014-02-28"
"1075",1075,"Unhealthy",4721,"Beijing",2014,3,28,151.5,224,52,"2014-03-28"
"1076",1076,"Unhealthy",4722,"Chengdu",2014,3,28,155.2,235,80,"2014-03-28"
"1077",1077,"Good",4723,"Guangzhou",2014,3,28,31.5,54,16,"2014-03-28"
"1078",1078,"Good",4724,"Shanghai",2014,3,28,40,67,21,"2014-03-28"
"1079",1079,"Moderate",4725,"Shenyang",2014,3,28,92,167,40,"2014-03-28"
"1080",1080,"Moderate",4738,"Beijing",2014,4,28,69.1,132,37,"2014-04-28"
"1081",1081,"Moderate",4739,"Chengdu",2014,4,28,72.4,99,57,"2014-04-28"
"1082",1082,"Moderate",4740,"Shanghai",2014,4,28,52.5,89,28,"2014-04-28"
"1083",1083,"Good",4741,"Shenyang",2014,4,28,41.8,73,15,"2014-04-28"
"1084",1084,"Good",4754,"Beijing",2014,5,28,31.4,49,13,"2014-05-28"
"1085",1085,"Unhealthy for Sensitive Groups",4755,"Chengdu",2014,5,28,106.2,145,71,"2014-05-28"
"1086",1086,"Good",4756,"Guangzhou",2014,5,28,37.8,59,15,"2014-05-28"
"1087",1087,"Moderate",4757,"Shanghai",2014,5,28,88.5,198,24,"2014-05-28"
"1088",1088,"Good",4758,"Shenyang",2014,5,28,23,62,6,"2014-05-28"
"1089",1089,"Good",4772,"Beijing",2014,6,28,20.2,35,6,"2014-06-28"
"1090",1090,"Moderate",4773,"Chengdu",2014,6,28,84.5,202,29,"2014-06-28"
"1091",1091,"Good",4774,"Guangzhou",2014,6,28,15.7,35,6,"2014-06-28"
"1092",1092,"Moderate",4775,"Shanghai",2014,6,28,72.5,123,30,"2014-06-28"
"1093",1093,"Good",4776,"Shenyang",2014,6,28,29.7,66,1,"2014-06-28"
"1094",1094,"Unhealthy for Sensitive Groups",4790,"Beijing",2014,7,28,102.5,143,61,"2014-07-28"
"1095",1095,"Moderate",4791,"Chengdu",2014,7,28,71,105,54,"2014-07-28"
"1096",1096,"Good",4792,"Guangzhou",2014,7,28,19.5,41,6,"2014-07-28"
"1097",1097,"Good",4793,"Shanghai",2014,7,28,40.3,80,4,"2014-07-28"
"1098",1098,"Moderate",4794,"Shenyang",2014,7,28,66.2,97,39,"2014-07-28"
"1099",1099,"Moderate",4808,"Beijing",2014,8,28,83.8,129,58,"2014-08-28"
"1100",1100,"Good",4809,"Chengdu",2014,8,28,32.5,52,13,"2014-08-28"
"1101",1101,"Good",4810,"Guangzhou",2014,8,28,9.5,19,3,"2014-08-28"
"1102",1102,"Good",4811,"Shanghai",2014,8,28,36.2,59,16,"2014-08-28"
"1103",1103,"Moderate",4812,"Shenyang",2014,8,28,52.8,83,30,"2014-08-28"
"1104",1104,"Unhealthy for Sensitive Groups",4872,"Beijing",2014,1,29,149.3,241,72,"2014-01-29"
"1105",1105,"Very Unhealthy",4873,"Chengdu",2014,1,29,263.5,314,218,"2014-01-29"
"1106",1106,"Moderate",4874,"Guangzhou",2014,1,29,89.9,137,54,"2014-01-29"
"1107",1107,"Moderate",4875,"Shanghai",2014,1,29,61.5,120,39,"2014-01-29"
"1108",1108,"Good",4876,"Shenyang",2014,1,29,42.7,62,18,"2014-01-29"
"1109",1109,"Good",4888,"Beijing",2014,3,29,38.8,219,16,"2014-03-29"
"1110",1110,"Unhealthy",4889,"Chengdu",2014,3,29,155,219,103,"2014-03-29"
"1111",1111,"Good",4890,"Guangzhou",2014,3,29,39.1,67,27,"2014-03-29"
"1112",1112,"Moderate",4891,"Shanghai",2014,3,29,67.8,98,35,"2014-03-29"
"1113",1113,"Moderate",4892,"Shenyang",2014,3,29,87,195,29,"2014-03-29"
"1114",1114,"Unhealthy for Sensitive Groups",4905,"Beijing",2014,4,29,105.7,136,83,"2014-04-29"
"1115",1115,"Good",4906,"Chengdu",2014,4,29,38.6,63,15,"2014-04-29"
"1116",1116,"Unhealthy for Sensitive Groups",4907,"Guangzhou",2014,4,29,128.5,226,60,"2014-04-29"
"1117",1117,"Moderate",4908,"Shanghai",2014,4,29,73.9,106,35,"2014-04-29"
"1118",1118,"Moderate",4909,"Shenyang",2014,4,29,92.5,135,45,"2014-04-29"
"1119",1119,"Good",4922,"Beijing",2014,5,29,46.8,79,8,"2014-05-29"
"1120",1120,"Moderate",4923,"Chengdu",2014,5,29,86.2,132,36,"2014-05-29"
"1121",1121,"Good",4924,"Guangzhou",2014,5,29,31.2,72,12,"2014-05-29"
"1122",1122,"Moderate",4925,"Shanghai",2014,5,29,82.8,141,25,"2014-05-29"
"1123",1123,"Moderate",4926,"Shenyang",2014,5,29,57.8,127,29,"2014-05-29"
"1124",1124,"Good",4940,"Beijing",2014,6,29,49.8,77,26,"2014-06-29"
"1125",1125,"Good",4941,"Chengdu",2014,6,29,42,69,18,"2014-06-29"
"1126",1126,"Good",4942,"Guangzhou",2014,6,29,16.3,34,2,"2014-06-29"
"1127",1127,"Moderate",4943,"Shanghai",2014,6,29,81.3,112,56,"2014-06-29"
"1128",1128,"Good",4944,"Shenyang",2014,6,29,48.9,83,30,"2014-06-29"
"1129",1129,"Unhealthy for Sensitive Groups",4957,"Beijing",2014,7,29,107,189,78,"2014-07-29"
"1130",1130,"Moderate",4958,"Chengdu",2014,7,29,96.5,131,67,"2014-07-29"
"1131",1131,"Good",4959,"Guangzhou",2014,7,29,31.3,79,2,"2014-07-29"
"1132",1132,"Good",4960,"Shanghai",2014,7,29,29.2,49,9,"2014-07-29"
"1133",1133,"Good",4961,"Shenyang",2014,7,29,47.4,63,30,"2014-07-29"
"1134",1134,"Moderate",4975,"Beijing",2014,8,29,86.2,139,49,"2014-08-29"
"1135",1135,"Good",4976,"Chengdu",2014,8,29,39.7,92,21,"2014-08-29"
"1136",1136,"Good",4977,"Guangzhou",2014,8,29,21.2,46,7,"2014-08-29"
"1137",1137,"Good",4978,"Shanghai",2014,8,29,32.6,69,3,"2014-08-29"
"1138",1138,"Moderate",4979,"Shenyang",2014,8,29,60,166,10,"2014-08-29"
"1139",1139,"Moderate",5039,"Beijing",2014,1,30,71.3,218,6,"2014-01-30"
"1140",1140,"Very Unhealthy",5040,"Chengdu",2014,1,30,287,382,256,"2014-01-30"
"1141",1141,"Moderate",5041,"Guangzhou",2014,1,30,81.9,123,57,"2014-01-30"
"1142",1142,"Unhealthy",5042,"Shanghai",2014,1,30,182.7,406,116,"2014-01-30"
"1143",1143,"Moderate",5043,"Shenyang",2014,1,30,53.5,170,16,"2014-01-30"
"1144",1144,"Good",5053,"Beijing",2014,3,30,34.3,66,9,"2014-03-30"
"1145",1145,"Moderate",5054,"Chengdu",2014,3,30,90.2,207,32,"2014-03-30"
"1146",1146,"Good",5055,"Guangzhou",2014,3,30,43.6,227,1,"2014-03-30"
"1147",1147,"Moderate",5056,"Shanghai",2014,3,30,91.3,129,72,"2014-03-30"
"1148",1148,"Moderate",5057,"Shenyang",2014,3,30,80.8,141,36,"2014-03-30"
"1149",1149,"Unhealthy for Sensitive Groups",5070,"Beijing",2014,4,30,111.9,221,79,"2014-04-30"
"1150",1150,"Good",5071,"Chengdu",2014,4,30,48.6,72,31,"2014-04-30"
"1151",1151,"Moderate",5072,"Shanghai",2014,4,30,65.5,87,41,"2014-04-30"
"1152",1152,"Moderate",5073,"Shenyang",2014,4,30,84.8,156,40,"2014-04-30"
"1153",1153,"Moderate",5086,"Beijing",2014,5,30,91,113,67,"2014-05-30"
"1154",1154,"Moderate",5087,"Chengdu",2014,5,30,88.2,149,68,"2014-05-30"
"1155",1155,"Good",5088,"Guangzhou",2014,5,30,25.2,64,9,"2014-05-30"
"1156",1156,"Moderate",5089,"Shanghai",2014,5,30,73.7,117,42,"2014-05-30"
"1157",1157,"Moderate",5090,"Shenyang",2014,5,30,67.3,169,17,"2014-05-30"
"1158",1158,"Moderate",5104,"Beijing",2014,6,30,69.6,104,40,"2014-06-30"
"1159",1159,"Good",5105,"Chengdu",2014,6,30,42.5,75,14,"2014-06-30"
"1160",1160,"Good",5106,"Guangzhou",2014,6,30,6.4,11,2,"2014-06-30"
"1161",1161,"Moderate",5107,"Shanghai",2014,6,30,54.2,80,29,"2014-06-30"
"1162",1162,"Moderate",5108,"Shenyang",2014,6,30,70.5,116,39,"2014-06-30"
"1163",1163,"Unhealthy for Sensitive Groups",5121,"Beijing",2014,7,30,137.9,212,52,"2014-07-30"
"1164",1164,"Unhealthy for Sensitive Groups",5122,"Chengdu",2014,7,30,101.8,134,62,"2014-07-30"
"1165",1165,"Moderate",5123,"Guangzhou",2014,7,30,57.6,101,27,"2014-07-30"
"1166",1166,"Good",5124,"Shanghai",2014,7,30,13.1,34,2,"2014-07-30"
"1167",1167,"Good",5125,"Shenyang",2014,7,30,38.9,64,19,"2014-07-30"
"1168",1168,"Unhealthy for Sensitive Groups",5139,"Beijing",2014,8,30,149.2,196,100,"2014-08-30"
"1169",1169,"Moderate",5140,"Chengdu",2014,8,30,71,119,25,"2014-08-30"
"1170",1170,"Good",5141,"Guangzhou",2014,8,30,27.3,45,17,"2014-08-30"
"1171",1171,"Good",5142,"Shanghai",2014,8,30,15.4,28,8,"2014-08-30"
"1172",1172,"Good",5143,"Shenyang",2014,8,30,45.6,96,8,"2014-08-30"
"1173",1173,"Unhealthy",5204,"Beijing",2014,1,31,166.2,469,70,"2014-01-31"
"1174",1174,"Hazardous",5205,"Chengdu",2014,1,31,380,688,159,"2014-01-31"
"1175",1175,"Unhealthy for Sensitive Groups",5206,"Guangzhou",2014,1,31,126.8,260,16,"2014-01-31"
"1176",1176,"Unhealthy for Sensitive Groups",5207,"Shanghai",2014,1,31,125.5,356,61,"2014-01-31"
"1177",1177,"Unhealthy",5208,"Shenyang",2014,1,31,174.6,553,40,"2014-01-31"
"1178",1178,"Unhealthy",5218,"Beijing",2014,3,31,155.3,254,27,"2014-03-31"
"1179",1179,"Good",5219,"Chengdu",2014,3,31,35.1,52,27,"2014-03-31"
"1180",1180,"Good",5220,"Guangzhou",2014,3,31,24.3,122,6,"2014-03-31"
"1181",1181,"Moderate",5221,"Shanghai",2014,3,31,53.1,67,39,"2014-03-31"
"1182",1182,"Good",5222,"Shenyang",2014,3,31,48.2,108,21,"2014-03-31"
"1183",1183,"Unhealthy for Sensitive Groups",5235,"Beijing",2014,5,31,115.8,143,81,"2014-05-31"
"1184",1184,"Unhealthy for Sensitive Groups",5236,"Chengdu",2014,5,31,108.9,148,82,"2014-05-31"
"1185",1185,"Good",5237,"Guangzhou",2014,5,31,21,38,12,"2014-05-31"
"1186",1186,"Good",5238,"Shanghai",2014,5,31,45.5,52,36,"2014-05-31"
"1187",1187,"Moderate",5239,"Shenyang",2014,5,31,90,164,48,"2014-05-31"
"1188",1188,"Unhealthy",5252,"Beijing",2014,7,31,179.7,250,122,"2014-07-31"
"1189",1189,"Good",5253,"Chengdu",2014,7,31,33.8,86,13,"2014-07-31"
"1190",1190,"Good",5254,"Guangzhou",2014,7,31,49.3,69,30,"2014-07-31"
"1191",1191,"Good",5255,"Shanghai",2014,7,31,7.8,16,3,"2014-07-31"
"1192",1192,"Moderate",5256,"Shenyang",2014,7,31,53.8,75,38,"2014-07-31"
"1193",1193,"Moderate",5270,"Beijing",2014,8,31,89.5,139,55,"2014-08-31"
"1194",1194,"Moderate",5271,"Chengdu",2014,8,31,59.1,113,19,"2014-08-31"
"1195",1195,"Good",5272,"Guangzhou",2014,8,31,23.9,38,13,"2014-08-31"
"1196",1196,"Good",5273,"Shanghai",2014,8,31,14.3,27,4,"2014-08-31"
"1197",1197,"Moderate",5274,"Shenyang",2014,8,31,64.2,130,12,"2014-08-31"
